seed_id,email,first_name,last_name,role,batch,placement_status,client,created_at
1,aisha.rahman.0001@informationtechconsultants.co.uk,Aisha,Rahman,USER,PYTHON,PLACED,Northstar Bank,2026-04-17T18:39:32.084Z
2,aisha.morgan.0002@informationtechconsultants.co.uk,Aisha,Morgan,USER,PYTHON,PLACED,Atlas Retail,2023-02-13T02:52:16.974Z
3,aisha.shah.0003@informationtechconsultants.co.uk,Aisha,Shah,USER,PYTHON,PLACED,Redwood Energy,2024-04-26T07:11:55.642Z
4,aisha.green.0004@informationtechconsultants.co.uk,Aisha,Green,USER,PYTHON,PLACED,Horizon Health,2024-09-29T14:59:23.959Z
5,aisha.patel.0005@informationtechconsultants.co.uk,Aisha,Patel,USER,PYTHON,PLACED,BluePeak Telecom,2024-12-24T22:45:22.481Z
6,aisha.reed.0006@informationtechconsultants.co.uk,Aisha,Reed,USER,PYTHON,PLACED,Meridian Finance,2024-05-24T12:49:49.839Z
7,aisha.hassan.0007@informationtechconsultants.co.uk,Aisha,Hassan,USER,PYTHON,PLACED,Vertex Logistics,2025-12-11T22:52:44.261Z
8,aisha.brooks.0008@informationtechconsultants.co.uk,Aisha,Brooks,USER,PYTHON,PLACED,Cedar Insurance,2023-06-27T02:58:48.946Z
9,aisha.khan.0009@informationtechconsultants.co.uk,Aisha,Khan,USER,PYTHON,PLACED,Aurora Media,2023-02-19T22:59:00.397Z
10,aisha.grant.0010@informationtechconsultants.co.uk,Aisha,Grant,USER,PYTHON,PLACED,Ember Mobility,2025-03-23T21:25:53.379Z
11,aisha.clarke.0011@informationtechconsultants.co.uk,Aisha,Clarke,USER,PYTHON,PLACED,Summit Travel,2025-12-15T18:17:53.811Z
12,aisha.turner.0012@informationtechconsultants.co.uk,Aisha,Turner,USER,PYTHON,PLACED,Oakline Public Sector,2026-06-23T16:12:16.345Z
13,aisha.okafor.0013@informationtechconsultants.co.uk,Aisha,Okafor,USER,PYTHON,PLACED,Northstar Bank,2024-03-10T12:53:19.137Z
14,aisha.walsh.0014@informationtechconsultants.co.uk,Aisha,Walsh,USER,PYTHON,PLACED,Atlas Retail,2025-11-23T21:56:27.209Z
15,aisha.mahmood.0015@informationtechconsultants.co.uk,Aisha,Mahmood,USER,PYTHON,PLACED,Redwood Energy,2023-05-12T22:04:36.548Z
16,aisha.bennett.0016@informationtechconsultants.co.uk,Aisha,Bennett,USER,PYTHON,PLACED,Horizon Health,2025-07-01T23:03:23.824Z
17,aisha.rossi.0017@informationtechconsultants.co.uk,Aisha,Rossi,USER,PYTHON,PLACED,BluePeak Telecom,2026-02-14T21:48:56.666Z
18,aisha.price.0018@informationtechconsultants.co.uk,Aisha,Price,USER,PYTHON,PLACED,Meridian Finance,2025-01-30T12:09:31.493Z
19,aisha.ali.0019@informationtechconsultants.co.uk,Aisha,Ali,USER,PYTHON,PLACED,Vertex Logistics,2025-03-20T17:08:39.965Z
20,aisha.harris.0020@informationtechconsultants.co.uk,Aisha,Harris,USER,PYTHON,PLACED,Cedar Insurance,2024-09-20T07:21:40.830Z
21,aisha.martin.0021@informationtechconsultants.co.uk,Aisha,Martin,USER,PYTHON,PLACED,Aurora Media,2023-03-31T10:13:15.459Z
22,aisha.ahmed.0022@informationtechconsultants.co.uk,Aisha,Ahmed,USER,PYTHON,PLACED,Ember Mobility,2024-06-19T12:19:01.972Z
23,aisha.cooper.0023@informationtechconsultants.co.uk,Aisha,Cooper,USER,PYTHON,PLACED,Summit Travel,2023-06-17T21:19:26.385Z
24,aisha.foster.0024@informationtechconsultants.co.uk,Aisha,Foster,USER,PYTHON,PLACED,Oakline Public Sector,2026-07-16T00:48:56.355Z
25,aisha.nair.0025@informationtechconsultants.co.uk,Aisha,Nair,USER,PYTHON,PLACED,Northstar Bank,2023-04-04T16:25:27.288Z
26,aisha.bailey.0026@informationtechconsultants.co.uk,Aisha,Bailey,USER,PYTHON,PLACED,Atlas Retail,2023-08-19T12:58:49.617Z
27,aisha.kim.0027@informationtechconsultants.co.uk,Aisha,Kim,USER,PYTHON,PLACED,Redwood Energy,2024-12-15T08:33:41.777Z
28,aisha.ward.0028@informationtechconsultants.co.uk,Aisha,Ward,USER,PYTHON,PLACED,Horizon Health,2024-03-25T17:48:03.936Z
29,aisha.malik.0029@informationtechconsultants.co.uk,Aisha,Malik,USER,PYTHON,PLACED,BluePeak Telecom,2025-01-05T12:06:20.181Z
30,aisha.carter.0030@informationtechconsultants.co.uk,Aisha,Carter,USER,PYTHON,PLACED,Meridian Finance,2026-03-11T17:08:30.508Z
31,aisha.santos.0031@informationtechconsultants.co.uk,Aisha,Santos,USER,PYTHON,PLACED,Vertex Logistics,2025-01-30T11:16:31.314Z
32,aisha.cole.0032@informationtechconsultants.co.uk,Aisha,Cole,USER,PYTHON,PLACED,Cedar Insurance,2026-06-13T15:29:12.560Z
33,aisha.lewis.0033@informationtechconsultants.co.uk,Aisha,Lewis,USER,PYTHON,PLACED,Aurora Media,2026-06-26T14:00:10.076Z
34,aisha.mills.0034@informationtechconsultants.co.uk,Aisha,Mills,USER,PYTHON,PLACED,Ember Mobility,2025-12-27T04:40:54.674Z
35,aisha.sen.0035@informationtechconsultants.co.uk,Aisha,Sen,USER,PYTHON,PLACED,Summit Travel,2025-08-22T13:37:14.180Z
36,aisha.bell.0036@informationtechconsultants.co.uk,Aisha,Bell,USER,PYTHON,PLACED,Oakline Public Sector,2025-07-20T16:25:11.400Z
37,aisha.davis.0037@informationtechconsultants.co.uk,Aisha,Davis,USER,PYTHON,PLACED,Northstar Bank,2024-07-12T15:58:51.750Z
38,aisha.evans.0038@informationtechconsultants.co.uk,Aisha,Evans,USER,PYTHON,PLACED,Atlas Retail,2023-05-23T01:36:07.311Z
39,aisha.williams.0039@informationtechconsultants.co.uk,Aisha,Williams,USER,PYTHON,PLACED,Redwood Energy,2025-11-09T10:46:39.179Z
40,aisha.scott.0040@informationtechconsultants.co.uk,Aisha,Scott,USER,PYTHON,PLACED,Horizon Health,2023-07-27T18:35:27.255Z
41,aisha.ibrahim.0041@informationtechconsultants.co.uk,Aisha,Ibrahim,USER,PYTHON,PLACED,BluePeak Telecom,2026-07-13T04:38:47.293Z
42,aisha.mitchell.0042@informationtechconsultants.co.uk,Aisha,Mitchell,USER,PYTHON,PLACED,Meridian Finance,2024-09-08T09:57:56.789Z
43,aisha.murphy.0043@informationtechconsultants.co.uk,Aisha,Murphy,USER,ANDROID,PLACED,Vertex Logistics,2025-07-03T13:16:08.613Z
44,aisha.iqbal.0044@informationtechconsultants.co.uk,Aisha,Iqbal,USER,ANDROID,PLACED,Cedar Insurance,2023-11-08T08:03:49.010Z
45,aisha.roberts.0045@informationtechconsultants.co.uk,Aisha,Roberts,USER,ANDROID,PLACED,Aurora Media,2025-03-18T03:17:00.904Z
46,aisha.wright.0046@informationtechconsultants.co.uk,Aisha,Wright,USER,ANDROID,PLACED,Ember Mobility,2026-06-28T21:06:45.179Z
47,aisha.cho.0047@informationtechconsultants.co.uk,Aisha,Cho,USER,ANDROID,PLACED,Summit Travel,2023-07-16T06:57:57.582Z
48,aisha.parker.0048@informationtechconsultants.co.uk,Aisha,Parker,USER,ANDROID,PLACED,Oakline Public Sector,2024-09-27T02:34:30.340Z
49,aisha.taylor.0049@informationtechconsultants.co.uk,Aisha,Taylor,USER,ANDROID,PLACED,Northstar Bank,2023-09-15T01:28:49.067Z
50,aisha.nelson.0050@informationtechconsultants.co.uk,Aisha,Nelson,USER,ANDROID,PLACED,Atlas Retail,2026-01-03T04:36:23.108Z
51,daniel.rahman.0051@informationtechconsultants.co.uk,Daniel,Rahman,USER,ANDROID,PLACED,Redwood Energy,2023-05-03T14:13:38.611Z
52,daniel.morgan.0052@informationtechconsultants.co.uk,Daniel,Morgan,USER,ANDROID,PLACED,Horizon Health,2026-05-16T06:52:20.851Z
53,daniel.shah.0053@informationtechconsultants.co.uk,Daniel,Shah,USER,ANDROID,PLACED,BluePeak Telecom,2025-04-26T01:49:55.323Z
54,daniel.green.0054@informationtechconsultants.co.uk,Daniel,Green,USER,ANDROID,PLACED,Meridian Finance,2024-06-18T06:10:46.361Z
55,daniel.patel.0055@informationtechconsultants.co.uk,Daniel,Patel,USER,ANDROID,PLACED,Vertex Logistics,2023-10-31T21:51:54.482Z
56,daniel.reed.0056@informationtechconsultants.co.uk,Daniel,Reed,USER,ANDROID,AVAILABLE,,2023-04-06T12:39:19.175Z
57,daniel.hassan.0057@informationtechconsultants.co.uk,Daniel,Hassan,USER,ANDROID,AVAILABLE,,2025-06-21T22:25:31.861Z
58,daniel.brooks.0058@informationtechconsultants.co.uk,Daniel,Brooks,USER,ANDROID,AVAILABLE,,2024-09-01T20:32:50.811Z
59,daniel.khan.0059@informationtechconsultants.co.uk,Daniel,Khan,USER,ANDROID,AVAILABLE,,2023-02-25T22:17:53.461Z
60,daniel.grant.0060@informationtechconsultants.co.uk,Daniel,Grant,USER,ANDROID,AVAILABLE,,2026-07-18T08:33:25.761Z
61,daniel.clarke.0061@informationtechconsultants.co.uk,Daniel,Clarke,USER,ANDROID,AVAILABLE,,2023-09-22T08:33:48.304Z
62,daniel.turner.0062@informationtechconsultants.co.uk,Daniel,Turner,USER,ANDROID,AVAILABLE,,2024-07-06T21:07:34.048Z
63,daniel.okafor.0063@informationtechconsultants.co.uk,Daniel,Okafor,USER,ANDROID,AVAILABLE,,2023-06-27T16:45:43.575Z
64,daniel.walsh.0064@informationtechconsultants.co.uk,Daniel,Walsh,USER,ANDROID,AVAILABLE,,2024-11-24T21:05:19.153Z
65,daniel.mahmood.0065@informationtechconsultants.co.uk,Daniel,Mahmood,USER,ANDROID,AVAILABLE,,2024-05-29T10:42:16.194Z
66,daniel.bennett.0066@informationtechconsultants.co.uk,Daniel,Bennett,USER,ANDROID,AVAILABLE,,2023-10-31T12:41:20.889Z
67,daniel.rossi.0067@informationtechconsultants.co.uk,Daniel,Rossi,USER,ANDROID,AVAILABLE,,2025-03-03T04:45:59.953Z
68,daniel.price.0068@informationtechconsultants.co.uk,Daniel,Price,USER,ANDROID,AVAILABLE,,2024-09-17T23:21:54.370Z
69,daniel.ali.0069@informationtechconsultants.co.uk,Daniel,Ali,USER,ANDROID,AVAILABLE,,2023-08-29T15:56:03.767Z
70,daniel.harris.0070@informationtechconsultants.co.uk,Daniel,Harris,USER,ANDROID,ENDING_SOON,Ember Mobility,2023-09-27T23:25:44.936Z
71,daniel.martin.0071@informationtechconsultants.co.uk,Daniel,Martin,USER,ANDROID,ENDING_SOON,Summit Travel,2024-09-02T23:08:35.694Z
72,daniel.ahmed.0072@informationtechconsultants.co.uk,Daniel,Ahmed,USER,ANDROID,ENDING_SOON,Oakline Public Sector,2026-06-23T10:56:00.495Z
73,daniel.cooper.0073@informationtechconsultants.co.uk,Daniel,Cooper,USER,ANDROID,ENDING_SOON,Northstar Bank,2026-02-02T20:30:06.725Z
74,daniel.foster.0074@informationtechconsultants.co.uk,Daniel,Foster,USER,ANDROID,ENDING_SOON,Atlas Retail,2025-10-21T21:26:57.578Z
75,daniel.nair.0075@informationtechconsultants.co.uk,Daniel,Nair,USER,ANDROID,ENDING_SOON,Redwood Energy,2025-10-16T01:14:41.657Z
76,daniel.bailey.0076@informationtechconsultants.co.uk,Daniel,Bailey,USER,DATA,ENDING_SOON,Horizon Health,2026-07-05T04:22:22.951Z
77,daniel.kim.0077@informationtechconsultants.co.uk,Daniel,Kim,USER,DATA,ENDING_SOON,BluePeak Telecom,2026-06-19T21:20:47.586Z
78,daniel.ward.0078@informationtechconsultants.co.uk,Daniel,Ward,USER,DATA,ENDING_SOON,Meridian Finance,2023-05-18T07:51:40.229Z
79,daniel.malik.0079@informationtechconsultants.co.uk,Daniel,Malik,USER,DATA,ENDING_SOON,Vertex Logistics,2024-05-16T09:11:34.955Z
80,daniel.carter.0080@informationtechconsultants.co.uk,Daniel,Carter,USER,DATA,ENDING_SOON,Cedar Insurance,2025-03-29T18:34:04.642Z
81,daniel.santos.0081@informationtechconsultants.co.uk,Daniel,Santos,USER,DATA,PLACED,Aurora Media,2024-11-08T08:06:29.351Z
82,daniel.cole.0082@informationtechconsultants.co.uk,Daniel,Cole,USER,DATA,PLACED,Ember Mobility,2025-02-28T19:58:25.292Z
83,daniel.lewis.0083@informationtechconsultants.co.uk,Daniel,Lewis,USER,DATA,PLACED,Summit Travel,2023-05-24T05:15:57.782Z
84,daniel.mills.0084@informationtechconsultants.co.uk,Daniel,Mills,USER,DATA,PLACED,Oakline Public Sector,2024-03-10T16:30:42.829Z
85,daniel.sen.0085@informationtechconsultants.co.uk,Daniel,Sen,USER,DATA,PLACED,Northstar Bank,2023-09-21T05:29:22.196Z
86,daniel.bell.0086@informationtechconsultants.co.uk,Daniel,Bell,USER,DATA,PLACED,Atlas Retail,2025-12-18T09:17:15.835Z
87,daniel.davis.0087@informationtechconsultants.co.uk,Daniel,Davis,USER,DATA,PLACED,Redwood Energy,2024-12-27T20:42:17.456Z
88,daniel.evans.0088@informationtechconsultants.co.uk,Daniel,Evans,USER,DATA,PLACED,Horizon Health,2026-04-28T20:40:49.125Z
89,daniel.williams.0089@informationtechconsultants.co.uk,Daniel,Williams,USER,DATA,PLACED,BluePeak Telecom,2023-09-10T06:48:51.523Z
90,daniel.scott.0090@informationtechconsultants.co.uk,Daniel,Scott,USER,DATA,PLACED,Meridian Finance,2023-06-18T07:32:56.474Z
91,daniel.ibrahim.0091@informationtechconsultants.co.uk,Daniel,Ibrahim,USER,DATA,PLACED,Vertex Logistics,2024-08-04T23:51:34.975Z
92,daniel.mitchell.0092@informationtechconsultants.co.uk,Daniel,Mitchell,USER,DATA,PLACED,Cedar Insurance,2024-11-24T05:30:39.383Z
93,daniel.murphy.0093@informationtechconsultants.co.uk,Daniel,Murphy,USER,DATA,PLACED,Aurora Media,2025-12-24T15:06:20.921Z
94,daniel.iqbal.0094@informationtechconsultants.co.uk,Daniel,Iqbal,USER,DATA,PLACED,Ember Mobility,2026-02-14T04:24:10.703Z
95,daniel.roberts.0095@informationtechconsultants.co.uk,Daniel,Roberts,USER,DATA,PLACED,Summit Travel,2024-12-16T16:21:15.399Z
96,daniel.wright.0096@informationtechconsultants.co.uk,Daniel,Wright,USER,DATA,PLACED,Oakline Public Sector,2025-08-16T19:23:27.164Z
97,daniel.cho.0097@informationtechconsultants.co.uk,Daniel,Cho,USER,DATA,PLACED,Northstar Bank,2025-10-22T05:31:41.931Z
98,daniel.parker.0098@informationtechconsultants.co.uk,Daniel,Parker,USER,DATA,PLACED,Atlas Retail,2025-07-18T07:03:40.905Z
99,daniel.taylor.0099@informationtechconsultants.co.uk,Daniel,Taylor,USER,DATA,PLACED,Redwood Energy,2024-04-12T09:42:29.308Z
100,daniel.nelson.0100@informationtechconsultants.co.uk,Daniel,Nelson,USER,DATA,PLACED,Horizon Health,2023-01-26T16:31:05.212Z
101,priya.rahman.0101@informationtechconsultants.co.uk,Priya,Rahman,USER,PYTHON,PLACED,BluePeak Telecom,2025-08-26T03:41:46.872Z
102,priya.morgan.0102@informationtechconsultants.co.uk,Priya,Morgan,USER,PYTHON,PLACED,Meridian Finance,2024-11-16T11:15:04.307Z
103,priya.shah.0103@informationtechconsultants.co.uk,Priya,Shah,USER,PYTHON,PLACED,Vertex Logistics,2024-08-14T08:25:56.658Z
104,priya.green.0104@informationtechconsultants.co.uk,Priya,Green,USER,PYTHON,PLACED,Cedar Insurance,2024-08-13T20:25:46.390Z
105,priya.patel.0105@informationtechconsultants.co.uk,Priya,Patel,USER,PYTHON,PLACED,Aurora Media,2024-12-11T20:44:29.595Z
106,priya.reed.0106@informationtechconsultants.co.uk,Priya,Reed,USER,PYTHON,PLACED,Ember Mobility,2025-10-07T17:24:00.653Z
107,priya.hassan.0107@informationtechconsultants.co.uk,Priya,Hassan,USER,PYTHON,PLACED,Summit Travel,2025-07-26T14:25:05.257Z
108,priya.brooks.0108@informationtechconsultants.co.uk,Priya,Brooks,USER,PYTHON,PLACED,Oakline Public Sector,2025-06-24T16:53:45.082Z
109,priya.khan.0109@informationtechconsultants.co.uk,Priya,Khan,USER,PYTHON,PLACED,Northstar Bank,2023-05-26T15:39:05.004Z
110,priya.grant.0110@informationtechconsultants.co.uk,Priya,Grant,USER,PYTHON,PLACED,Atlas Retail,2025-10-14T20:28:19.707Z
111,priya.clarke.0111@informationtechconsultants.co.uk,Priya,Clarke,USER,PYTHON,PLACED,Redwood Energy,2026-03-25T04:31:44.477Z
112,priya.turner.0112@informationtechconsultants.co.uk,Priya,Turner,USER,PYTHON,PLACED,Horizon Health,2023-07-20T15:36:21.074Z
113,priya.okafor.0113@informationtechconsultants.co.uk,Priya,Okafor,USER,PYTHON,PLACED,BluePeak Telecom,2024-05-11T23:20:43.872Z
114,priya.walsh.0114@informationtechconsultants.co.uk,Priya,Walsh,USER,PYTHON,PLACED,Meridian Finance,2024-08-21T03:37:21.611Z
115,priya.mahmood.0115@informationtechconsultants.co.uk,Priya,Mahmood,USER,PYTHON,PLACED,Vertex Logistics,2024-02-13T15:39:34.089Z
116,priya.bennett.0116@informationtechconsultants.co.uk,Priya,Bennett,USER,PYTHON,PLACED,Cedar Insurance,2024-02-01T18:29:45.386Z
117,priya.rossi.0117@informationtechconsultants.co.uk,Priya,Rossi,USER,PYTHON,PLACED,Aurora Media,2026-02-28T09:43:07.966Z
118,priya.price.0118@informationtechconsultants.co.uk,Priya,Price,USER,PYTHON,PLACED,Ember Mobility,2024-05-26T11:01:15.399Z
119,priya.ali.0119@informationtechconsultants.co.uk,Priya,Ali,USER,PYTHON,PLACED,Summit Travel,2024-07-28T21:04:26.725Z
120,priya.harris.0120@informationtechconsultants.co.uk,Priya,Harris,USER,PYTHON,PLACED,Oakline Public Sector,2025-06-10T19:17:36.214Z
121,priya.martin.0121@informationtechconsultants.co.uk,Priya,Martin,USER,PYTHON,PLACED,Northstar Bank,2026-03-14T18:22:56.121Z
122,priya.ahmed.0122@informationtechconsultants.co.uk,Priya,Ahmed,USER,PYTHON,PLACED,Atlas Retail,2024-11-02T05:09:20.177Z
123,priya.cooper.0123@informationtechconsultants.co.uk,Priya,Cooper,USER,PYTHON,PLACED,Redwood Energy,2025-01-18T12:32:59.303Z
124,priya.foster.0124@informationtechconsultants.co.uk,Priya,Foster,USER,PYTHON,PLACED,Horizon Health,2023-05-08T23:00:08.609Z
125,priya.nair.0125@informationtechconsultants.co.uk,Priya,Nair,USER,PYTHON,PLACED,BluePeak Telecom,2026-02-19T00:55:49.543Z
126,priya.bailey.0126@informationtechconsultants.co.uk,Priya,Bailey,USER,PYTHON,PLACED,Meridian Finance,2026-01-22T07:09:08.027Z
127,priya.kim.0127@informationtechconsultants.co.uk,Priya,Kim,USER,PYTHON,PLACED,Vertex Logistics,2025-12-20T00:37:54.108Z
128,priya.ward.0128@informationtechconsultants.co.uk,Priya,Ward,USER,PYTHON,PLACED,Cedar Insurance,2023-05-10T13:04:20.664Z
129,priya.malik.0129@informationtechconsultants.co.uk,Priya,Malik,USER,PYTHON,PLACED,Aurora Media,2023-10-18T20:47:53.984Z
130,priya.carter.0130@informationtechconsultants.co.uk,Priya,Carter,USER,PYTHON,PLACED,Ember Mobility,2026-04-06T18:02:01.587Z
131,priya.santos.0131@informationtechconsultants.co.uk,Priya,Santos,USER,PYTHON,PLACED,Summit Travel,2025-12-22T13:40:50.762Z
132,priya.cole.0132@informationtechconsultants.co.uk,Priya,Cole,USER,PYTHON,PLACED,Oakline Public Sector,2023-02-01T06:35:46.862Z
133,priya.lewis.0133@informationtechconsultants.co.uk,Priya,Lewis,USER,PYTHON,PLACED,Northstar Bank,2026-03-08T12:48:51.309Z
134,priya.mills.0134@informationtechconsultants.co.uk,Priya,Mills,USER,PYTHON,PLACED,Atlas Retail,2025-02-12T12:24:06.583Z
135,priya.sen.0135@informationtechconsultants.co.uk,Priya,Sen,USER,PYTHON,PLACED,Redwood Energy,2024-04-30T05:22:19.412Z
136,priya.bell.0136@informationtechconsultants.co.uk,Priya,Bell,USER,PYTHON,AVAILABLE,,2023-12-19T14:09:15.772Z
137,priya.davis.0137@informationtechconsultants.co.uk,Priya,Davis,USER,PYTHON,AVAILABLE,,2024-02-27T20:35:58.469Z
138,priya.evans.0138@informationtechconsultants.co.uk,Priya,Evans,USER,PYTHON,AVAILABLE,,2026-04-17T19:43:46.194Z
139,priya.williams.0139@informationtechconsultants.co.uk,Priya,Williams,USER,PYTHON,AVAILABLE,,2023-12-05T07:41:32.660Z
140,priya.scott.0140@informationtechconsultants.co.uk,Priya,Scott,USER,PYTHON,AVAILABLE,,2024-02-14T20:46:25.336Z
141,priya.ibrahim.0141@informationtechconsultants.co.uk,Priya,Ibrahim,USER,PYTHON,AVAILABLE,,2025-10-02T04:15:20.868Z
142,priya.mitchell.0142@informationtechconsultants.co.uk,Priya,Mitchell,USER,PYTHON,AVAILABLE,,2025-05-21T22:43:12.495Z
143,priya.murphy.0143@informationtechconsultants.co.uk,Priya,Murphy,USER,ANDROID,AVAILABLE,,2024-03-17T10:30:32.714Z
144,priya.iqbal.0144@informationtechconsultants.co.uk,Priya,Iqbal,USER,ANDROID,AVAILABLE,,2025-08-02T08:24:13.560Z
145,priya.roberts.0145@informationtechconsultants.co.uk,Priya,Roberts,USER,ANDROID,AVAILABLE,,2024-09-09T09:25:40.077Z
146,priya.wright.0146@informationtechconsultants.co.uk,Priya,Wright,USER,ANDROID,AVAILABLE,,2023-11-08T14:15:21.066Z
147,priya.cho.0147@informationtechconsultants.co.uk,Priya,Cho,USER,ANDROID,AVAILABLE,,2023-07-01T02:55:05.948Z
148,priya.parker.0148@informationtechconsultants.co.uk,Priya,Parker,USER,ANDROID,AVAILABLE,,2026-03-23T17:38:33.914Z
149,priya.taylor.0149@informationtechconsultants.co.uk,Priya,Taylor,USER,ANDROID,AVAILABLE,,2023-01-17T01:45:17.995Z
150,priya.nelson.0150@informationtechconsultants.co.uk,Priya,Nelson,USER,ANDROID,ENDING_SOON,Meridian Finance,2025-06-14T21:12:24.961Z
151,marcus.rahman.0151@informationtechconsultants.co.uk,Marcus,Rahman,USER,ANDROID,ENDING_SOON,Vertex Logistics,2023-09-16T16:21:59.099Z
152,marcus.morgan.0152@informationtechconsultants.co.uk,Marcus,Morgan,USER,ANDROID,ENDING_SOON,Cedar Insurance,2023-07-15T17:29:50.098Z
153,marcus.shah.0153@informationtechconsultants.co.uk,Marcus,Shah,USER,ANDROID,ENDING_SOON,Aurora Media,2025-09-27T11:13:00.683Z
154,marcus.green.0154@informationtechconsultants.co.uk,Marcus,Green,USER,ANDROID,ENDING_SOON,Ember Mobility,2026-04-26T16:55:09.280Z
155,marcus.patel.0155@informationtechconsultants.co.uk,Marcus,Patel,USER,ANDROID,ENDING_SOON,Summit Travel,2025-12-19T20:12:20.702Z
156,marcus.reed.0156@informationtechconsultants.co.uk,Marcus,Reed,USER,ANDROID,ENDING_SOON,Oakline Public Sector,2024-01-02T17:57:24.233Z
157,marcus.hassan.0157@informationtechconsultants.co.uk,Marcus,Hassan,USER,ANDROID,ENDING_SOON,Northstar Bank,2025-04-23T03:57:46.264Z
158,marcus.brooks.0158@informationtechconsultants.co.uk,Marcus,Brooks,USER,ANDROID,ENDING_SOON,Atlas Retail,2025-08-26T21:18:06.253Z
159,marcus.khan.0159@informationtechconsultants.co.uk,Marcus,Khan,USER,ANDROID,ENDING_SOON,Redwood Energy,2025-11-06T09:56:05.484Z
160,marcus.grant.0160@informationtechconsultants.co.uk,Marcus,Grant,USER,ANDROID,ENDING_SOON,Horizon Health,2024-02-06T05:34:58.100Z
161,marcus.clarke.0161@informationtechconsultants.co.uk,Marcus,Clarke,USER,ANDROID,PLACED,BluePeak Telecom,2025-07-15T14:06:55.464Z
162,marcus.turner.0162@informationtechconsultants.co.uk,Marcus,Turner,USER,ANDROID,PLACED,Meridian Finance,2024-06-27T17:36:06.304Z
163,marcus.okafor.0163@informationtechconsultants.co.uk,Marcus,Okafor,USER,ANDROID,PLACED,Vertex Logistics,2025-06-08T22:45:55.939Z
164,marcus.walsh.0164@informationtechconsultants.co.uk,Marcus,Walsh,USER,ANDROID,PLACED,Cedar Insurance,2026-04-27T12:04:38.225Z
165,marcus.mahmood.0165@informationtechconsultants.co.uk,Marcus,Mahmood,USER,ANDROID,PLACED,Aurora Media,2024-03-28T18:26:59.373Z
166,marcus.bennett.0166@informationtechconsultants.co.uk,Marcus,Bennett,USER,ANDROID,PLACED,Ember Mobility,2023-02-18T13:00:50.470Z
167,marcus.rossi.0167@informationtechconsultants.co.uk,Marcus,Rossi,USER,ANDROID,PLACED,Summit Travel,2023-01-16T05:01:26.238Z
168,marcus.price.0168@informationtechconsultants.co.uk,Marcus,Price,USER,ANDROID,PLACED,Oakline Public Sector,2023-05-23T22:56:27.894Z
169,marcus.ali.0169@informationtechconsultants.co.uk,Marcus,Ali,USER,ANDROID,PLACED,Northstar Bank,2023-06-25T05:15:18.585Z
170,marcus.harris.0170@informationtechconsultants.co.uk,Marcus,Harris,USER,ANDROID,PLACED,Atlas Retail,2026-03-24T14:02:40.060Z
171,marcus.martin.0171@informationtechconsultants.co.uk,Marcus,Martin,USER,ANDROID,PLACED,Redwood Energy,2023-12-09T21:24:39.819Z
172,marcus.ahmed.0172@informationtechconsultants.co.uk,Marcus,Ahmed,USER,ANDROID,PLACED,Horizon Health,2024-03-03T11:14:26.937Z
173,marcus.cooper.0173@informationtechconsultants.co.uk,Marcus,Cooper,USER,ANDROID,PLACED,BluePeak Telecom,2023-04-27T01:44:21.505Z
174,marcus.foster.0174@informationtechconsultants.co.uk,Marcus,Foster,USER,ANDROID,PLACED,Meridian Finance,2024-09-29T10:15:15.191Z
175,marcus.nair.0175@informationtechconsultants.co.uk,Marcus,Nair,USER,ANDROID,PLACED,Vertex Logistics,2025-12-02T22:55:01.151Z
176,marcus.bailey.0176@informationtechconsultants.co.uk,Marcus,Bailey,USER,DATA,PLACED,Cedar Insurance,2024-12-05T04:42:46.470Z
177,marcus.kim.0177@informationtechconsultants.co.uk,Marcus,Kim,USER,DATA,PLACED,Aurora Media,2024-09-14T14:04:39.443Z
178,marcus.ward.0178@informationtechconsultants.co.uk,Marcus,Ward,USER,DATA,PLACED,Ember Mobility,2026-04-07T17:24:07.384Z
179,marcus.malik.0179@informationtechconsultants.co.uk,Marcus,Malik,USER,DATA,PLACED,Summit Travel,2025-01-05T00:00:05.884Z
180,marcus.carter.0180@informationtechconsultants.co.uk,Marcus,Carter,USER,DATA,PLACED,Oakline Public Sector,2026-05-26T02:23:28.217Z
181,marcus.santos.0181@informationtechconsultants.co.uk,Marcus,Santos,USER,DATA,PLACED,Northstar Bank,2025-10-10T11:30:36.247Z
182,marcus.cole.0182@informationtechconsultants.co.uk,Marcus,Cole,USER,DATA,PLACED,Atlas Retail,2023-06-29T21:56:10.824Z
183,marcus.lewis.0183@informationtechconsultants.co.uk,Marcus,Lewis,USER,DATA,PLACED,Redwood Energy,2025-03-27T23:23:53.305Z
184,marcus.mills.0184@informationtechconsultants.co.uk,Marcus,Mills,USER,DATA,PLACED,Horizon Health,2023-01-07T22:51:57.363Z
185,marcus.sen.0185@informationtechconsultants.co.uk,Marcus,Sen,USER,DATA,PLACED,BluePeak Telecom,2023-04-19T09:59:55.923Z
186,marcus.bell.0186@informationtechconsultants.co.uk,Marcus,Bell,USER,DATA,PLACED,Meridian Finance,2024-03-01T18:38:48.056Z
187,marcus.davis.0187@informationtechconsultants.co.uk,Marcus,Davis,USER,DATA,PLACED,Vertex Logistics,2023-10-21T20:14:40.268Z
188,marcus.evans.0188@informationtechconsultants.co.uk,Marcus,Evans,USER,DATA,PLACED,Cedar Insurance,2026-07-18T10:26:46.264Z
189,marcus.williams.0189@informationtechconsultants.co.uk,Marcus,Williams,USER,DATA,PLACED,Aurora Media,2025-06-16T20:13:59.931Z
190,marcus.scott.0190@informationtechconsultants.co.uk,Marcus,Scott,USER,DATA,PLACED,Ember Mobility,2023-02-16T20:13:50.505Z
191,marcus.ibrahim.0191@informationtechconsultants.co.uk,Marcus,Ibrahim,USER,DATA,PLACED,Summit Travel,2024-06-15T11:53:46.781Z
192,marcus.mitchell.0192@informationtechconsultants.co.uk,Marcus,Mitchell,USER,DATA,PLACED,Oakline Public Sector,2023-06-04T06:16:45.400Z
193,marcus.murphy.0193@informationtechconsultants.co.uk,Marcus,Murphy,USER,DATA,PLACED,Northstar Bank,2024-07-21T21:04:54.692Z
194,marcus.iqbal.0194@informationtechconsultants.co.uk,Marcus,Iqbal,USER,DATA,PLACED,Atlas Retail,2026-07-04T13:52:43.448Z
195,marcus.roberts.0195@informationtechconsultants.co.uk,Marcus,Roberts,USER,DATA,PLACED,Redwood Energy,2023-11-29T08:15:56.615Z
196,marcus.wright.0196@informationtechconsultants.co.uk,Marcus,Wright,USER,DATA,PLACED,Horizon Health,2026-03-29T10:36:12.650Z
197,marcus.cho.0197@informationtechconsultants.co.uk,Marcus,Cho,USER,DATA,PLACED,BluePeak Telecom,2026-02-02T10:27:18.190Z
198,marcus.parker.0198@informationtechconsultants.co.uk,Marcus,Parker,USER,DATA,PLACED,Meridian Finance,2023-08-19T04:57:33.934Z
199,marcus.taylor.0199@informationtechconsultants.co.uk,Marcus,Taylor,USER,DATA,PLACED,Vertex Logistics,2024-08-05T10:34:05.883Z
200,marcus.nelson.0200@informationtechconsultants.co.uk,Marcus,Nelson,USER,DATA,PLACED,Cedar Insurance,2023-11-14T19:22:11.997Z
201,sofia.rahman.0201@informationtechconsultants.co.uk,Sofia,Rahman,USER,PYTHON,PLACED,Aurora Media,2025-10-19T04:08:12.577Z
202,sofia.morgan.0202@informationtechconsultants.co.uk,Sofia,Morgan,USER,PYTHON,PLACED,Ember Mobility,2025-02-02T13:36:23.863Z
203,sofia.shah.0203@informationtechconsultants.co.uk,Sofia,Shah,USER,PYTHON,PLACED,Summit Travel,2026-06-29T01:48:50.544Z
204,sofia.green.0204@informationtechconsultants.co.uk,Sofia,Green,USER,PYTHON,PLACED,Oakline Public Sector,2024-02-04T11:31:49.723Z
205,sofia.patel.0205@informationtechconsultants.co.uk,Sofia,Patel,USER,PYTHON,PLACED,Northstar Bank,2023-08-23T19:32:11.876Z
206,sofia.reed.0206@informationtechconsultants.co.uk,Sofia,Reed,USER,PYTHON,PLACED,Atlas Retail,2024-09-14T11:49:52.519Z
207,sofia.hassan.0207@informationtechconsultants.co.uk,Sofia,Hassan,USER,PYTHON,PLACED,Redwood Energy,2024-09-09T13:32:02.169Z
208,sofia.brooks.0208@informationtechconsultants.co.uk,Sofia,Brooks,USER,PYTHON,PLACED,Horizon Health,2025-10-23T02:10:38.436Z
209,sofia.khan.0209@informationtechconsultants.co.uk,Sofia,Khan,USER,PYTHON,PLACED,BluePeak Telecom,2025-08-22T07:03:15.763Z
210,sofia.grant.0210@informationtechconsultants.co.uk,Sofia,Grant,USER,PYTHON,PLACED,Meridian Finance,2026-02-12T06:07:31.559Z
211,sofia.clarke.0211@informationtechconsultants.co.uk,Sofia,Clarke,USER,PYTHON,PLACED,Vertex Logistics,2023-06-23T14:58:01.847Z
212,sofia.turner.0212@informationtechconsultants.co.uk,Sofia,Turner,USER,PYTHON,PLACED,Cedar Insurance,2023-04-18T06:24:48.263Z
213,sofia.okafor.0213@informationtechconsultants.co.uk,Sofia,Okafor,USER,PYTHON,PLACED,Aurora Media,2023-06-01T09:40:17.978Z
214,sofia.walsh.0214@informationtechconsultants.co.uk,Sofia,Walsh,USER,PYTHON,PLACED,Ember Mobility,2024-07-03T00:05:34.114Z
215,sofia.mahmood.0215@informationtechconsultants.co.uk,Sofia,Mahmood,USER,PYTHON,PLACED,Summit Travel,2024-01-12T20:42:20.648Z
216,sofia.bennett.0216@informationtechconsultants.co.uk,Sofia,Bennett,USER,PYTHON,AVAILABLE,,2025-01-19T14:26:27.164Z
217,sofia.rossi.0217@informationtechconsultants.co.uk,Sofia,Rossi,USER,PYTHON,AVAILABLE,,2025-07-19T08:35:14.939Z
218,sofia.price.0218@informationtechconsultants.co.uk,Sofia,Price,USER,PYTHON,AVAILABLE,,2025-09-05T19:55:35.009Z
219,sofia.ali.0219@informationtechconsultants.co.uk,Sofia,Ali,USER,PYTHON,AVAILABLE,,2024-04-07T20:49:13.568Z
220,sofia.harris.0220@informationtechconsultants.co.uk,Sofia,Harris,USER,PYTHON,AVAILABLE,,2024-01-23T23:55:19.831Z
221,sofia.martin.0221@informationtechconsultants.co.uk,Sofia,Martin,USER,PYTHON,AVAILABLE,,2024-05-31T03:18:42.600Z
222,sofia.ahmed.0222@informationtechconsultants.co.uk,Sofia,Ahmed,USER,PYTHON,AVAILABLE,,2023-03-01T19:39:14.468Z
223,sofia.cooper.0223@informationtechconsultants.co.uk,Sofia,Cooper,USER,PYTHON,AVAILABLE,,2023-04-28T09:18:49.077Z
224,sofia.foster.0224@informationtechconsultants.co.uk,Sofia,Foster,USER,PYTHON,AVAILABLE,,2025-04-09T04:59:00.024Z
225,sofia.nair.0225@informationtechconsultants.co.uk,Sofia,Nair,USER,PYTHON,AVAILABLE,,2024-07-22T00:18:36.803Z
226,sofia.bailey.0226@informationtechconsultants.co.uk,Sofia,Bailey,USER,PYTHON,AVAILABLE,,2023-09-01T05:30:08.905Z
227,sofia.kim.0227@informationtechconsultants.co.uk,Sofia,Kim,USER,PYTHON,AVAILABLE,,2025-03-23T00:12:50.440Z
228,sofia.ward.0228@informationtechconsultants.co.uk,Sofia,Ward,USER,PYTHON,AVAILABLE,,2026-05-08T14:03:57.780Z
229,sofia.malik.0229@informationtechconsultants.co.uk,Sofia,Malik,USER,PYTHON,AVAILABLE,,2023-10-08T17:09:40.189Z
230,sofia.carter.0230@informationtechconsultants.co.uk,Sofia,Carter,USER,PYTHON,ENDING_SOON,Atlas Retail,2024-06-05T18:34:13.581Z
231,sofia.santos.0231@informationtechconsultants.co.uk,Sofia,Santos,USER,PYTHON,ENDING_SOON,Redwood Energy,2023-01-22T17:16:37.669Z
232,sofia.cole.0232@informationtechconsultants.co.uk,Sofia,Cole,USER,PYTHON,ENDING_SOON,Horizon Health,2025-09-26T23:51:35.058Z
233,sofia.lewis.0233@informationtechconsultants.co.uk,Sofia,Lewis,USER,PYTHON,ENDING_SOON,BluePeak Telecom,2025-08-16T01:07:04.895Z
234,sofia.mills.0234@informationtechconsultants.co.uk,Sofia,Mills,USER,PYTHON,ENDING_SOON,Meridian Finance,2025-07-02T01:42:08.846Z
235,sofia.sen.0235@informationtechconsultants.co.uk,Sofia,Sen,USER,PYTHON,ENDING_SOON,Vertex Logistics,2023-05-25T18:47:49.369Z
236,sofia.bell.0236@informationtechconsultants.co.uk,Sofia,Bell,USER,PYTHON,ENDING_SOON,Cedar Insurance,2025-07-23T22:35:49.420Z
237,sofia.davis.0237@informationtechconsultants.co.uk,Sofia,Davis,USER,PYTHON,ENDING_SOON,Aurora Media,2025-06-07T08:47:04.647Z
238,sofia.evans.0238@informationtechconsultants.co.uk,Sofia,Evans,USER,PYTHON,ENDING_SOON,Ember Mobility,2023-02-12T10:34:04.305Z
239,sofia.williams.0239@informationtechconsultants.co.uk,Sofia,Williams,USER,PYTHON,ENDING_SOON,Summit Travel,2023-08-19T03:52:23.724Z
240,sofia.scott.0240@informationtechconsultants.co.uk,Sofia,Scott,USER,PYTHON,ENDING_SOON,Oakline Public Sector,2024-09-12T23:06:27.584Z
241,sofia.ibrahim.0241@informationtechconsultants.co.uk,Sofia,Ibrahim,USER,PYTHON,PLACED,Northstar Bank,2025-05-01T12:00:07.841Z
242,sofia.mitchell.0242@informationtechconsultants.co.uk,Sofia,Mitchell,USER,PYTHON,PLACED,Atlas Retail,2025-10-18T09:45:32.524Z
243,sofia.murphy.0243@informationtechconsultants.co.uk,Sofia,Murphy,USER,ANDROID,PLACED,Redwood Energy,2026-05-21T17:55:15.454Z
244,sofia.iqbal.0244@informationtechconsultants.co.uk,Sofia,Iqbal,USER,ANDROID,PLACED,Horizon Health,2024-05-22T15:17:28.332Z
245,sofia.roberts.0245@informationtechconsultants.co.uk,Sofia,Roberts,USER,ANDROID,PLACED,BluePeak Telecom,2023-08-02T21:05:38.750Z
246,sofia.wright.0246@informationtechconsultants.co.uk,Sofia,Wright,USER,ANDROID,PLACED,Meridian Finance,2024-10-06T03:25:51.003Z
247,sofia.cho.0247@informationtechconsultants.co.uk,Sofia,Cho,USER,ANDROID,PLACED,Vertex Logistics,2024-12-05T11:39:13.878Z
248,sofia.parker.0248@informationtechconsultants.co.uk,Sofia,Parker,USER,ANDROID,PLACED,Cedar Insurance,2026-05-24T14:06:46.653Z
249,sofia.taylor.0249@informationtechconsultants.co.uk,Sofia,Taylor,USER,ANDROID,PLACED,Aurora Media,2024-11-09T16:24:14.700Z
250,sofia.nelson.0250@informationtechconsultants.co.uk,Sofia,Nelson,USER,ANDROID,PLACED,Ember Mobility,2025-03-17T09:19:08.894Z
251,callum.rahman.0251@informationtechconsultants.co.uk,Callum,Rahman,USER,ANDROID,PLACED,Summit Travel,2025-03-18T15:33:07.046Z
252,callum.morgan.0252@informationtechconsultants.co.uk,Callum,Morgan,USER,ANDROID,PLACED,Oakline Public Sector,2023-07-24T09:10:14.103Z
253,callum.shah.0253@informationtechconsultants.co.uk,Callum,Shah,USER,ANDROID,PLACED,Northstar Bank,2025-10-26T03:18:56.286Z
254,callum.green.0254@informationtechconsultants.co.uk,Callum,Green,USER,ANDROID,PLACED,Atlas Retail,2025-03-27T16:11:35.783Z
255,callum.patel.0255@informationtechconsultants.co.uk,Callum,Patel,USER,ANDROID,PLACED,Redwood Energy,2024-09-06T00:04:54.745Z
256,callum.reed.0256@informationtechconsultants.co.uk,Callum,Reed,USER,ANDROID,PLACED,Horizon Health,2023-05-25T23:35:07.582Z
257,callum.hassan.0257@informationtechconsultants.co.uk,Callum,Hassan,USER,ANDROID,PLACED,BluePeak Telecom,2025-10-17T19:04:32.280Z
258,callum.brooks.0258@informationtechconsultants.co.uk,Callum,Brooks,USER,ANDROID,PLACED,Meridian Finance,2023-08-19T09:11:41.391Z
259,callum.khan.0259@informationtechconsultants.co.uk,Callum,Khan,USER,ANDROID,PLACED,Vertex Logistics,2023-08-02T08:54:45.403Z
260,callum.grant.0260@informationtechconsultants.co.uk,Callum,Grant,USER,ANDROID,PLACED,Cedar Insurance,2024-06-12T01:12:08.148Z
261,callum.clarke.0261@informationtechconsultants.co.uk,Callum,Clarke,USER,ANDROID,PLACED,Aurora Media,2025-08-05T00:53:09.588Z
262,callum.turner.0262@informationtechconsultants.co.uk,Callum,Turner,USER,ANDROID,PLACED,Ember Mobility,2024-04-12T04:35:49.181Z
263,callum.okafor.0263@informationtechconsultants.co.uk,Callum,Okafor,USER,ANDROID,PLACED,Summit Travel,2026-05-05T22:16:27.435Z
264,callum.walsh.0264@informationtechconsultants.co.uk,Callum,Walsh,USER,ANDROID,PLACED,Oakline Public Sector,2025-09-25T12:22:00.113Z
265,callum.mahmood.0265@informationtechconsultants.co.uk,Callum,Mahmood,USER,ANDROID,PLACED,Northstar Bank,2024-08-27T15:28:21.847Z
266,callum.bennett.0266@informationtechconsultants.co.uk,Callum,Bennett,USER,ANDROID,PLACED,Atlas Retail,2025-04-03T10:37:33.113Z
267,callum.rossi.0267@informationtechconsultants.co.uk,Callum,Rossi,USER,ANDROID,PLACED,Redwood Energy,2026-06-19T20:20:12.561Z
268,callum.price.0268@informationtechconsultants.co.uk,Callum,Price,USER,ANDROID,PLACED,Horizon Health,2025-11-25T21:13:44.061Z
269,callum.ali.0269@informationtechconsultants.co.uk,Callum,Ali,USER,ANDROID,PLACED,BluePeak Telecom,2024-05-02T00:29:52.103Z
270,callum.harris.0270@informationtechconsultants.co.uk,Callum,Harris,USER,ANDROID,PLACED,Meridian Finance,2024-01-07T21:53:45.169Z
271,callum.martin.0271@informationtechconsultants.co.uk,Callum,Martin,USER,ANDROID,PLACED,Vertex Logistics,2025-02-05T21:45:10.219Z
272,callum.ahmed.0272@informationtechconsultants.co.uk,Callum,Ahmed,USER,ANDROID,PLACED,Cedar Insurance,2023-02-15T01:01:15.461Z
273,callum.cooper.0273@informationtechconsultants.co.uk,Callum,Cooper,USER,ANDROID,PLACED,Aurora Media,2023-05-11T01:17:48.371Z
274,callum.foster.0274@informationtechconsultants.co.uk,Callum,Foster,USER,ANDROID,PLACED,Ember Mobility,2023-03-18T04:58:38.516Z
275,callum.nair.0275@informationtechconsultants.co.uk,Callum,Nair,USER,ANDROID,PLACED,Summit Travel,2025-05-26T06:36:53.233Z
276,callum.bailey.0276@informationtechconsultants.co.uk,Callum,Bailey,USER,DATA,PLACED,Oakline Public Sector,2026-06-24T11:34:48.999Z
277,callum.kim.0277@informationtechconsultants.co.uk,Callum,Kim,USER,DATA,PLACED,Northstar Bank,2024-06-04T00:09:40.150Z
278,callum.ward.0278@informationtechconsultants.co.uk,Callum,Ward,USER,DATA,PLACED,Atlas Retail,2026-07-22T18:51:26.254Z
279,callum.malik.0279@informationtechconsultants.co.uk,Callum,Malik,USER,DATA,PLACED,Redwood Energy,2024-06-30T09:38:34.925Z
280,callum.carter.0280@informationtechconsultants.co.uk,Callum,Carter,USER,DATA,PLACED,Horizon Health,2023-01-27T17:56:26.960Z
281,callum.santos.0281@informationtechconsultants.co.uk,Callum,Santos,USER,DATA,PLACED,BluePeak Telecom,2024-05-07T12:46:57.842Z
282,callum.cole.0282@informationtechconsultants.co.uk,Callum,Cole,USER,DATA,PLACED,Meridian Finance,2026-01-14T14:10:43.485Z
283,callum.lewis.0283@informationtechconsultants.co.uk,Callum,Lewis,USER,DATA,PLACED,Vertex Logistics,2025-08-16T00:43:45.906Z
284,callum.mills.0284@informationtechconsultants.co.uk,Callum,Mills,USER,DATA,PLACED,Cedar Insurance,2026-02-11T21:24:13.083Z
285,callum.sen.0285@informationtechconsultants.co.uk,Callum,Sen,USER,DATA,PLACED,Aurora Media,2025-07-29T09:16:17.451Z
286,callum.bell.0286@informationtechconsultants.co.uk,Callum,Bell,USER,DATA,PLACED,Ember Mobility,2023-04-23T23:33:19.390Z
287,callum.davis.0287@informationtechconsultants.co.uk,Callum,Davis,USER,DATA,PLACED,Summit Travel,2024-10-13T06:51:09.548Z
288,callum.evans.0288@informationtechconsultants.co.uk,Callum,Evans,USER,DATA,PLACED,Oakline Public Sector,2026-03-21T21:54:31.160Z
289,callum.williams.0289@informationtechconsultants.co.uk,Callum,Williams,USER,DATA,PLACED,Northstar Bank,2023-08-30T12:34:15.456Z
290,callum.scott.0290@informationtechconsultants.co.uk,Callum,Scott,USER,DATA,PLACED,Atlas Retail,2024-06-06T10:13:52.469Z
291,callum.ibrahim.0291@informationtechconsultants.co.uk,Callum,Ibrahim,USER,DATA,PLACED,Redwood Energy,2025-10-24T02:22:12.271Z
292,callum.mitchell.0292@informationtechconsultants.co.uk,Callum,Mitchell,USER,DATA,PLACED,Horizon Health,2023-06-23T10:27:37.580Z
293,callum.murphy.0293@informationtechconsultants.co.uk,Callum,Murphy,USER,DATA,PLACED,BluePeak Telecom,2025-06-09T11:40:07.299Z
294,callum.iqbal.0294@informationtechconsultants.co.uk,Callum,Iqbal,USER,DATA,PLACED,Meridian Finance,2023-04-15T05:24:46.130Z
295,callum.roberts.0295@informationtechconsultants.co.uk,Callum,Roberts,USER,DATA,PLACED,Vertex Logistics,2025-01-31T11:44:19.617Z
296,callum.wright.0296@informationtechconsultants.co.uk,Callum,Wright,USER,DATA,AVAILABLE,,2023-05-19T17:11:06.643Z
297,callum.cho.0297@informationtechconsultants.co.uk,Callum,Cho,USER,DATA,AVAILABLE,,2026-07-08T09:49:00.166Z
298,callum.parker.0298@informationtechconsultants.co.uk,Callum,Parker,USER,DATA,AVAILABLE,,2024-12-05T17:13:02.572Z
299,callum.taylor.0299@informationtechconsultants.co.uk,Callum,Taylor,USER,DATA,AVAILABLE,,2023-01-15T00:07:25.919Z
300,callum.nelson.0300@informationtechconsultants.co.uk,Callum,Nelson,USER,DATA,AVAILABLE,,2026-05-17T15:13:46.994Z
301,leila.rahman.0301@informationtechconsultants.co.uk,Leila,Rahman,USER,PYTHON,AVAILABLE,,2025-02-20T05:41:56.221Z
302,leila.morgan.0302@informationtechconsultants.co.uk,Leila,Morgan,USER,PYTHON,AVAILABLE,,2026-05-22T15:12:53.524Z
303,leila.shah.0303@informationtechconsultants.co.uk,Leila,Shah,USER,PYTHON,AVAILABLE,,2025-06-24T19:11:55.784Z
304,leila.green.0304@informationtechconsultants.co.uk,Leila,Green,USER,PYTHON,AVAILABLE,,2025-06-14T00:04:29.189Z
305,leila.patel.0305@informationtechconsultants.co.uk,Leila,Patel,USER,PYTHON,AVAILABLE,,2026-03-23T20:49:18.232Z
306,leila.reed.0306@informationtechconsultants.co.uk,Leila,Reed,USER,PYTHON,AVAILABLE,,2025-07-13T09:19:22.271Z
307,leila.hassan.0307@informationtechconsultants.co.uk,Leila,Hassan,USER,PYTHON,AVAILABLE,,2026-01-05T21:56:02.815Z
308,leila.brooks.0308@informationtechconsultants.co.uk,Leila,Brooks,USER,PYTHON,AVAILABLE,,2025-11-24T09:52:31.355Z
309,leila.khan.0309@informationtechconsultants.co.uk,Leila,Khan,USER,PYTHON,AVAILABLE,,2025-02-07T01:39:00.500Z
310,leila.grant.0310@informationtechconsultants.co.uk,Leila,Grant,USER,PYTHON,ENDING_SOON,Ember Mobility,2024-11-02T23:31:37.164Z
311,leila.clarke.0311@informationtechconsultants.co.uk,Leila,Clarke,USER,PYTHON,ENDING_SOON,Summit Travel,2023-08-15T05:58:25.207Z
312,leila.turner.0312@informationtechconsultants.co.uk,Leila,Turner,USER,PYTHON,ENDING_SOON,Oakline Public Sector,2026-06-23T00:16:46.895Z
313,leila.okafor.0313@informationtechconsultants.co.uk,Leila,Okafor,USER,PYTHON,ENDING_SOON,Northstar Bank,2026-06-17T04:48:19.417Z
314,leila.walsh.0314@informationtechconsultants.co.uk,Leila,Walsh,USER,PYTHON,ENDING_SOON,Atlas Retail,2024-09-08T14:00:13.390Z
315,leila.mahmood.0315@informationtechconsultants.co.uk,Leila,Mahmood,USER,PYTHON,ENDING_SOON,Redwood Energy,2025-12-17T16:47:05.840Z
316,leila.bennett.0316@informationtechconsultants.co.uk,Leila,Bennett,USER,PYTHON,ENDING_SOON,Horizon Health,2023-10-10T19:59:30.951Z
317,leila.rossi.0317@informationtechconsultants.co.uk,Leila,Rossi,USER,PYTHON,ENDING_SOON,BluePeak Telecom,2025-07-21T04:11:42.584Z
318,leila.price.0318@informationtechconsultants.co.uk,Leila,Price,USER,PYTHON,ENDING_SOON,Meridian Finance,2026-06-23T13:54:02.802Z
319,leila.ali.0319@informationtechconsultants.co.uk,Leila,Ali,USER,PYTHON,ENDING_SOON,Vertex Logistics,2026-06-30T01:50:57.282Z
320,leila.harris.0320@informationtechconsultants.co.uk,Leila,Harris,USER,PYTHON,ENDING_SOON,Cedar Insurance,2026-04-03T14:10:43.941Z
321,leila.martin.0321@informationtechconsultants.co.uk,Leila,Martin,USER,PYTHON,PLACED,Aurora Media,2025-12-19T19:34:00.150Z
322,leila.ahmed.0322@informationtechconsultants.co.uk,Leila,Ahmed,USER,PYTHON,PLACED,Ember Mobility,2023-09-29T16:58:44.611Z
323,leila.cooper.0323@informationtechconsultants.co.uk,Leila,Cooper,USER,PYTHON,PLACED,Summit Travel,2024-11-12T03:30:27.363Z
324,leila.foster.0324@informationtechconsultants.co.uk,Leila,Foster,USER,PYTHON,PLACED,Oakline Public Sector,2024-08-27T18:23:00.034Z
325,leila.nair.0325@informationtechconsultants.co.uk,Leila,Nair,USER,PYTHON,PLACED,Northstar Bank,2025-09-03T03:30:45.551Z
326,leila.bailey.0326@informationtechconsultants.co.uk,Leila,Bailey,USER,PYTHON,PLACED,Atlas Retail,2024-01-16T11:22:35.955Z
327,leila.kim.0327@informationtechconsultants.co.uk,Leila,Kim,USER,PYTHON,PLACED,Redwood Energy,2023-07-12T18:21:34.915Z
328,leila.ward.0328@informationtechconsultants.co.uk,Leila,Ward,USER,PYTHON,PLACED,Horizon Health,2026-01-31T00:24:30.375Z
329,leila.malik.0329@informationtechconsultants.co.uk,Leila,Malik,USER,PYTHON,PLACED,BluePeak Telecom,2024-03-02T23:33:25.722Z
330,leila.carter.0330@informationtechconsultants.co.uk,Leila,Carter,USER,PYTHON,PLACED,Meridian Finance,2026-04-13T07:31:29.126Z
331,leila.santos.0331@informationtechconsultants.co.uk,Leila,Santos,USER,PYTHON,PLACED,Vertex Logistics,2026-06-06T14:18:05.512Z
332,leila.cole.0332@informationtechconsultants.co.uk,Leila,Cole,USER,PYTHON,PLACED,Cedar Insurance,2025-11-27T07:52:13.786Z
333,leila.lewis.0333@informationtechconsultants.co.uk,Leila,Lewis,USER,PYTHON,PLACED,Aurora Media,2025-08-23T02:06:10.934Z
334,leila.mills.0334@informationtechconsultants.co.uk,Leila,Mills,USER,PYTHON,PLACED,Ember Mobility,2024-10-04T00:27:00.024Z
335,leila.sen.0335@informationtechconsultants.co.uk,Leila,Sen,USER,PYTHON,PLACED,Summit Travel,2023-12-03T21:31:04.314Z
336,leila.bell.0336@informationtechconsultants.co.uk,Leila,Bell,USER,PYTHON,PLACED,Oakline Public Sector,2024-05-05T07:46:48.818Z
337,leila.davis.0337@informationtechconsultants.co.uk,Leila,Davis,USER,PYTHON,PLACED,Northstar Bank,2025-10-30T18:27:22.041Z
338,leila.evans.0338@informationtechconsultants.co.uk,Leila,Evans,USER,PYTHON,PLACED,Atlas Retail,2024-01-24T11:34:15.855Z
339,leila.williams.0339@informationtechconsultants.co.uk,Leila,Williams,USER,PYTHON,PLACED,Redwood Energy,2025-01-19T17:42:41.188Z
340,leila.scott.0340@informationtechconsultants.co.uk,Leila,Scott,USER,PYTHON,PLACED,Horizon Health,2025-09-18T19:23:03.479Z
341,leila.ibrahim.0341@informationtechconsultants.co.uk,Leila,Ibrahim,USER,PYTHON,PLACED,BluePeak Telecom,2024-11-13T08:54:53.216Z
342,leila.mitchell.0342@informationtechconsultants.co.uk,Leila,Mitchell,USER,PYTHON,PLACED,Meridian Finance,2024-10-16T08:42:32.707Z
343,leila.murphy.0343@informationtechconsultants.co.uk,Leila,Murphy,USER,ANDROID,PLACED,Vertex Logistics,2025-04-21T19:35:25.837Z
344,leila.iqbal.0344@informationtechconsultants.co.uk,Leila,Iqbal,USER,ANDROID,PLACED,Cedar Insurance,2024-12-20T07:13:27.506Z
345,leila.roberts.0345@informationtechconsultants.co.uk,Leila,Roberts,USER,ANDROID,PLACED,Aurora Media,2023-04-02T03:46:11.084Z
346,leila.wright.0346@informationtechconsultants.co.uk,Leila,Wright,USER,ANDROID,PLACED,Ember Mobility,2023-02-24T04:17:54.319Z
347,leila.cho.0347@informationtechconsultants.co.uk,Leila,Cho,USER,ANDROID,PLACED,Summit Travel,2026-03-26T18:21:13.486Z
348,leila.parker.0348@informationtechconsultants.co.uk,Leila,Parker,USER,ANDROID,PLACED,Oakline Public Sector,2023-02-07T05:56:27.497Z
349,leila.taylor.0349@informationtechconsultants.co.uk,Leila,Taylor,USER,ANDROID,PLACED,Northstar Bank,2026-04-10T03:13:15.510Z
350,leila.nelson.0350@informationtechconsultants.co.uk,Leila,Nelson,USER,ANDROID,PLACED,Atlas Retail,2026-07-28T21:10:49.751Z
351,ethan.rahman.0351@informationtechconsultants.co.uk,Ethan,Rahman,USER,ANDROID,PLACED,Redwood Energy,2024-01-07T15:33:43.246Z
352,ethan.morgan.0352@informationtechconsultants.co.uk,Ethan,Morgan,USER,ANDROID,PLACED,Horizon Health,2025-11-07T05:19:28.321Z
353,ethan.shah.0353@informationtechconsultants.co.uk,Ethan,Shah,USER,ANDROID,PLACED,BluePeak Telecom,2024-12-21T02:32:58.344Z
354,ethan.green.0354@informationtechconsultants.co.uk,Ethan,Green,USER,ANDROID,PLACED,Meridian Finance,2024-05-11T11:46:02.519Z
355,ethan.patel.0355@informationtechconsultants.co.uk,Ethan,Patel,USER,ANDROID,PLACED,Vertex Logistics,2024-04-19T10:00:10.664Z
356,ethan.reed.0356@informationtechconsultants.co.uk,Ethan,Reed,USER,ANDROID,PLACED,Cedar Insurance,2023-05-08T19:22:02.020Z
357,ethan.hassan.0357@informationtechconsultants.co.uk,Ethan,Hassan,USER,ANDROID,PLACED,Aurora Media,2023-03-02T02:57:41.253Z
358,ethan.brooks.0358@informationtechconsultants.co.uk,Ethan,Brooks,USER,ANDROID,PLACED,Ember Mobility,2024-06-03T02:51:49.902Z
359,ethan.khan.0359@informationtechconsultants.co.uk,Ethan,Khan,USER,ANDROID,PLACED,Summit Travel,2024-03-24T16:29:06.679Z
360,ethan.grant.0360@informationtechconsultants.co.uk,Ethan,Grant,USER,ANDROID,PLACED,Oakline Public Sector,2024-01-21T17:20:52.704Z
361,ethan.clarke.0361@informationtechconsultants.co.uk,Ethan,Clarke,USER,ANDROID,PLACED,Northstar Bank,2023-06-28T05:58:45.209Z
362,ethan.turner.0362@informationtechconsultants.co.uk,Ethan,Turner,USER,ANDROID,PLACED,Atlas Retail,2025-09-05T05:46:03.946Z
363,ethan.okafor.0363@informationtechconsultants.co.uk,Ethan,Okafor,USER,ANDROID,PLACED,Redwood Energy,2026-07-23T23:43:38.976Z
364,ethan.walsh.0364@informationtechconsultants.co.uk,Ethan,Walsh,USER,ANDROID,PLACED,Horizon Health,2023-02-20T15:14:01.570Z
365,ethan.mahmood.0365@informationtechconsultants.co.uk,Ethan,Mahmood,USER,ANDROID,PLACED,BluePeak Telecom,2024-06-03T10:36:43.437Z
366,ethan.bennett.0366@informationtechconsultants.co.uk,Ethan,Bennett,USER,ANDROID,PLACED,Meridian Finance,2024-01-09T04:47:09.756Z
367,ethan.rossi.0367@informationtechconsultants.co.uk,Ethan,Rossi,USER,ANDROID,PLACED,Vertex Logistics,2024-07-07T00:30:14.535Z
368,ethan.price.0368@informationtechconsultants.co.uk,Ethan,Price,USER,ANDROID,PLACED,Cedar Insurance,2024-08-03T06:03:20.560Z
369,ethan.ali.0369@informationtechconsultants.co.uk,Ethan,Ali,USER,ANDROID,PLACED,Aurora Media,2023-10-22T22:50:40.379Z
370,ethan.harris.0370@informationtechconsultants.co.uk,Ethan,Harris,USER,ANDROID,PLACED,Ember Mobility,2026-02-10T00:47:47.734Z
371,ethan.martin.0371@informationtechconsultants.co.uk,Ethan,Martin,USER,ANDROID,PLACED,Summit Travel,2024-11-07T17:56:27.438Z
372,ethan.ahmed.0372@informationtechconsultants.co.uk,Ethan,Ahmed,USER,ANDROID,PLACED,Oakline Public Sector,2023-05-13T03:33:20.942Z
373,ethan.cooper.0373@informationtechconsultants.co.uk,Ethan,Cooper,USER,ANDROID,PLACED,Northstar Bank,2026-04-24T12:51:55.433Z
374,ethan.foster.0374@informationtechconsultants.co.uk,Ethan,Foster,USER,ANDROID,PLACED,Atlas Retail,2024-06-10T14:55:29.698Z
375,ethan.nair.0375@informationtechconsultants.co.uk,Ethan,Nair,USER,ANDROID,PLACED,Redwood Energy,2023-07-25T05:21:42.577Z
376,ethan.bailey.0376@informationtechconsultants.co.uk,Ethan,Bailey,USER,DATA,AVAILABLE,,2023-08-13T13:15:59.348Z
377,ethan.kim.0377@informationtechconsultants.co.uk,Ethan,Kim,USER,DATA,AVAILABLE,,2023-12-02T07:14:34.918Z
378,ethan.ward.0378@informationtechconsultants.co.uk,Ethan,Ward,USER,DATA,AVAILABLE,,2024-10-08T02:17:35.705Z
379,ethan.malik.0379@informationtechconsultants.co.uk,Ethan,Malik,USER,DATA,AVAILABLE,,2026-04-07T02:20:29.232Z
380,ethan.carter.0380@informationtechconsultants.co.uk,Ethan,Carter,USER,DATA,AVAILABLE,,2024-08-06T05:22:32.603Z
381,ethan.santos.0381@informationtechconsultants.co.uk,Ethan,Santos,USER,DATA,AVAILABLE,,2026-02-28T05:29:06.453Z
382,ethan.cole.0382@informationtechconsultants.co.uk,Ethan,Cole,USER,DATA,AVAILABLE,,2024-05-01T04:38:04.794Z
383,ethan.lewis.0383@informationtechconsultants.co.uk,Ethan,Lewis,USER,DATA,AVAILABLE,,2026-03-04T14:58:08.154Z
384,ethan.mills.0384@informationtechconsultants.co.uk,Ethan,Mills,USER,DATA,AVAILABLE,,2023-03-01T03:22:58.548Z
385,ethan.sen.0385@informationtechconsultants.co.uk,Ethan,Sen,USER,DATA,AVAILABLE,,2023-11-29T06:28:45.954Z
386,ethan.bell.0386@informationtechconsultants.co.uk,Ethan,Bell,USER,DATA,AVAILABLE,,2023-04-14T19:34:01.234Z
387,ethan.davis.0387@informationtechconsultants.co.uk,Ethan,Davis,USER,DATA,AVAILABLE,,2024-02-15T09:37:01.266Z
388,ethan.evans.0388@informationtechconsultants.co.uk,Ethan,Evans,USER,DATA,AVAILABLE,,2025-07-28T12:52:52.466Z
389,ethan.williams.0389@informationtechconsultants.co.uk,Ethan,Williams,USER,DATA,AVAILABLE,,2025-12-20T22:37:06.672Z
390,ethan.scott.0390@informationtechconsultants.co.uk,Ethan,Scott,USER,DATA,ENDING_SOON,Meridian Finance,2025-05-05T07:02:51.871Z
391,ethan.ibrahim.0391@informationtechconsultants.co.uk,Ethan,Ibrahim,USER,DATA,ENDING_SOON,Vertex Logistics,2023-07-10T05:23:24.702Z
392,ethan.mitchell.0392@informationtechconsultants.co.uk,Ethan,Mitchell,USER,DATA,ENDING_SOON,Cedar Insurance,2026-03-25T03:32:40.111Z
393,ethan.murphy.0393@informationtechconsultants.co.uk,Ethan,Murphy,USER,DATA,ENDING_SOON,Aurora Media,2025-11-16T07:33:45.557Z
394,ethan.iqbal.0394@informationtechconsultants.co.uk,Ethan,Iqbal,USER,DATA,ENDING_SOON,Ember Mobility,2024-06-03T08:09:31.571Z
395,ethan.roberts.0395@informationtechconsultants.co.uk,Ethan,Roberts,USER,DATA,ENDING_SOON,Summit Travel,2023-08-28T13:02:31.364Z
396,ethan.wright.0396@informationtechconsultants.co.uk,Ethan,Wright,USER,DATA,ENDING_SOON,Oakline Public Sector,2024-10-14T03:52:38.910Z
397,ethan.cho.0397@informationtechconsultants.co.uk,Ethan,Cho,USER,DATA,ENDING_SOON,Northstar Bank,2025-08-08T15:49:07.172Z
398,ethan.parker.0398@informationtechconsultants.co.uk,Ethan,Parker,USER,DATA,ENDING_SOON,Atlas Retail,2023-09-04T10:18:09.788Z
399,ethan.taylor.0399@informationtechconsultants.co.uk,Ethan,Taylor,USER,DATA,ENDING_SOON,Redwood Energy,2024-11-02T17:08:39.421Z
400,ethan.nelson.0400@informationtechconsultants.co.uk,Ethan,Nelson,USER,DATA,ENDING_SOON,Horizon Health,2026-07-14T19:45:04.743Z
401,nadia.rahman.0401@informationtechconsultants.co.uk,Nadia,Rahman,USER,PYTHON,PLACED,BluePeak Telecom,2023-01-01T11:08:00.858Z
402,nadia.morgan.0402@informationtechconsultants.co.uk,Nadia,Morgan,USER,PYTHON,PLACED,Meridian Finance,2024-12-05T19:42:41.091Z
403,nadia.shah.0403@informationtechconsultants.co.uk,Nadia,Shah,USER,PYTHON,PLACED,Vertex Logistics,2024-08-01T11:52:31.290Z
404,nadia.green.0404@informationtechconsultants.co.uk,Nadia,Green,USER,PYTHON,PLACED,Cedar Insurance,2025-01-21T09:41:42.275Z
405,nadia.patel.0405@informationtechconsultants.co.uk,Nadia,Patel,USER,PYTHON,PLACED,Aurora Media,2023-08-03T04:48:57.418Z
406,nadia.reed.0406@informationtechconsultants.co.uk,Nadia,Reed,USER,PYTHON,PLACED,Ember Mobility,2024-10-07T02:08:13.979Z
407,nadia.hassan.0407@informationtechconsultants.co.uk,Nadia,Hassan,USER,PYTHON,PLACED,Summit Travel,2024-11-23T11:59:29.535Z
408,nadia.brooks.0408@informationtechconsultants.co.uk,Nadia,Brooks,USER,PYTHON,PLACED,Oakline Public Sector,2025-09-20T08:58:33.179Z
409,nadia.khan.0409@informationtechconsultants.co.uk,Nadia,Khan,USER,PYTHON,PLACED,Northstar Bank,2025-07-04T05:13:48.935Z
410,nadia.grant.0410@informationtechconsultants.co.uk,Nadia,Grant,USER,PYTHON,PLACED,Atlas Retail,2023-08-26T05:19:21.280Z
411,nadia.clarke.0411@informationtechconsultants.co.uk,Nadia,Clarke,USER,PYTHON,PLACED,Redwood Energy,2026-03-12T08:33:17.039Z
412,nadia.turner.0412@informationtechconsultants.co.uk,Nadia,Turner,USER,PYTHON,PLACED,Horizon Health,2026-06-16T19:41:05.236Z
413,nadia.okafor.0413@informationtechconsultants.co.uk,Nadia,Okafor,USER,PYTHON,PLACED,BluePeak Telecom,2025-03-10T13:11:03.387Z
414,nadia.walsh.0414@informationtechconsultants.co.uk,Nadia,Walsh,USER,PYTHON,PLACED,Meridian Finance,2024-09-12T18:23:12.916Z
415,nadia.mahmood.0415@informationtechconsultants.co.uk,Nadia,Mahmood,USER,PYTHON,PLACED,Vertex Logistics,2024-09-10T17:23:43.996Z
416,nadia.bennett.0416@informationtechconsultants.co.uk,Nadia,Bennett,USER,PYTHON,PLACED,Cedar Insurance,2024-12-29T04:27:16.324Z
417,nadia.rossi.0417@informationtechconsultants.co.uk,Nadia,Rossi,USER,PYTHON,PLACED,Aurora Media,2024-03-08T09:27:32.898Z
418,nadia.price.0418@informationtechconsultants.co.uk,Nadia,Price,USER,PYTHON,PLACED,Ember Mobility,2023-05-25T17:52:51.941Z
419,nadia.ali.0419@informationtechconsultants.co.uk,Nadia,Ali,USER,PYTHON,PLACED,Summit Travel,2025-03-03T10:32:56.906Z
420,nadia.harris.0420@informationtechconsultants.co.uk,Nadia,Harris,USER,PYTHON,PLACED,Oakline Public Sector,2023-02-15T22:29:31.114Z
421,nadia.martin.0421@informationtechconsultants.co.uk,Nadia,Martin,USER,PYTHON,PLACED,Northstar Bank,2025-05-10T13:43:07.521Z
422,nadia.ahmed.0422@informationtechconsultants.co.uk,Nadia,Ahmed,USER,PYTHON,PLACED,Atlas Retail,2026-02-16T09:15:53.280Z
423,nadia.cooper.0423@informationtechconsultants.co.uk,Nadia,Cooper,USER,PYTHON,PLACED,Redwood Energy,2023-03-23T18:45:19.310Z
424,nadia.foster.0424@informationtechconsultants.co.uk,Nadia,Foster,USER,PYTHON,PLACED,Horizon Health,2024-11-06T00:27:58.661Z
425,nadia.nair.0425@informationtechconsultants.co.uk,Nadia,Nair,USER,PYTHON,PLACED,BluePeak Telecom,2026-05-01T13:03:01.515Z
426,nadia.bailey.0426@informationtechconsultants.co.uk,Nadia,Bailey,USER,PYTHON,PLACED,Meridian Finance,2023-02-27T22:35:52.781Z
427,nadia.kim.0427@informationtechconsultants.co.uk,Nadia,Kim,USER,PYTHON,PLACED,Vertex Logistics,2025-12-12T09:13:09.613Z
428,nadia.ward.0428@informationtechconsultants.co.uk,Nadia,Ward,USER,PYTHON,PLACED,Cedar Insurance,2025-05-01T03:09:06.157Z
429,nadia.malik.0429@informationtechconsultants.co.uk,Nadia,Malik,USER,PYTHON,PLACED,Aurora Media,2024-07-29T23:09:52.070Z
430,nadia.carter.0430@informationtechconsultants.co.uk,Nadia,Carter,USER,PYTHON,PLACED,Ember Mobility,2024-03-10T17:32:14.479Z
431,nadia.santos.0431@informationtechconsultants.co.uk,Nadia,Santos,USER,PYTHON,PLACED,Summit Travel,2024-04-04T09:17:30.996Z
432,nadia.cole.0432@informationtechconsultants.co.uk,Nadia,Cole,USER,PYTHON,PLACED,Oakline Public Sector,2024-02-08T21:33:09.946Z
433,nadia.lewis.0433@informationtechconsultants.co.uk,Nadia,Lewis,USER,PYTHON,PLACED,Northstar Bank,2023-01-16T17:26:24.706Z
434,nadia.mills.0434@informationtechconsultants.co.uk,Nadia,Mills,USER,PYTHON,PLACED,Atlas Retail,2026-05-07T22:53:54.271Z
435,nadia.sen.0435@informationtechconsultants.co.uk,Nadia,Sen,USER,PYTHON,PLACED,Redwood Energy,2023-03-08T20:46:32.094Z
436,nadia.bell.0436@informationtechconsultants.co.uk,Nadia,Bell,USER,PYTHON,PLACED,Horizon Health,2024-03-24T10:42:56.410Z
437,nadia.davis.0437@informationtechconsultants.co.uk,Nadia,Davis,USER,PYTHON,PLACED,BluePeak Telecom,2025-08-27T03:13:27.392Z
438,nadia.evans.0438@informationtechconsultants.co.uk,Nadia,Evans,USER,PYTHON,PLACED,Meridian Finance,2023-02-18T08:19:28.238Z
439,nadia.williams.0439@informationtechconsultants.co.uk,Nadia,Williams,USER,PYTHON,PLACED,Vertex Logistics,2024-02-18T11:48:10.720Z
440,nadia.scott.0440@informationtechconsultants.co.uk,Nadia,Scott,USER,PYTHON,PLACED,Cedar Insurance,2025-02-19T10:11:58.505Z
441,nadia.ibrahim.0441@informationtechconsultants.co.uk,Nadia,Ibrahim,USER,PYTHON,PLACED,Aurora Media,2025-12-05T22:27:14.616Z
442,nadia.mitchell.0442@informationtechconsultants.co.uk,Nadia,Mitchell,USER,PYTHON,PLACED,Ember Mobility,2026-02-03T07:48:24.457Z
443,nadia.murphy.0443@informationtechconsultants.co.uk,Nadia,Murphy,USER,ANDROID,PLACED,Summit Travel,2023-03-04T14:37:11.168Z
444,nadia.iqbal.0444@informationtechconsultants.co.uk,Nadia,Iqbal,USER,ANDROID,PLACED,Oakline Public Sector,2024-11-23T00:37:20.566Z
445,nadia.roberts.0445@informationtechconsultants.co.uk,Nadia,Roberts,USER,ANDROID,PLACED,Northstar Bank,2023-01-03T19:36:08.161Z
446,nadia.wright.0446@informationtechconsultants.co.uk,Nadia,Wright,USER,ANDROID,PLACED,Atlas Retail,2025-01-26T21:47:45.157Z
447,nadia.cho.0447@informationtechconsultants.co.uk,Nadia,Cho,USER,ANDROID,PLACED,Redwood Energy,2023-01-20T01:38:42.205Z
448,nadia.parker.0448@informationtechconsultants.co.uk,Nadia,Parker,USER,ANDROID,PLACED,Horizon Health,2025-11-27T12:59:12.559Z
449,nadia.taylor.0449@informationtechconsultants.co.uk,Nadia,Taylor,USER,ANDROID,PLACED,BluePeak Telecom,2026-07-14T10:06:38.818Z
450,nadia.nelson.0450@informationtechconsultants.co.uk,Nadia,Nelson,USER,ANDROID,PLACED,Meridian Finance,2024-08-28T11:04:39.529Z
451,oliver.rahman.0451@informationtechconsultants.co.uk,Oliver,Rahman,USER,ANDROID,PLACED,Vertex Logistics,2026-02-27T04:15:43.242Z
452,oliver.morgan.0452@informationtechconsultants.co.uk,Oliver,Morgan,USER,ANDROID,PLACED,Cedar Insurance,2026-04-24T14:28:12.389Z
453,oliver.shah.0453@informationtechconsultants.co.uk,Oliver,Shah,USER,ANDROID,PLACED,Aurora Media,2024-08-11T02:52:14.108Z
454,oliver.green.0454@informationtechconsultants.co.uk,Oliver,Green,USER,ANDROID,PLACED,Ember Mobility,2024-05-14T08:06:12.184Z
455,oliver.patel.0455@informationtechconsultants.co.uk,Oliver,Patel,USER,ANDROID,PLACED,Summit Travel,2023-10-31T20:59:18.656Z
456,oliver.reed.0456@informationtechconsultants.co.uk,Oliver,Reed,USER,ANDROID,AVAILABLE,,2024-08-12T13:51:29.936Z
457,oliver.hassan.0457@informationtechconsultants.co.uk,Oliver,Hassan,USER,ANDROID,AVAILABLE,,2023-10-21T18:46:57.938Z
458,oliver.brooks.0458@informationtechconsultants.co.uk,Oliver,Brooks,USER,ANDROID,AVAILABLE,,2025-03-04T17:08:43.073Z
459,oliver.khan.0459@informationtechconsultants.co.uk,Oliver,Khan,USER,ANDROID,AVAILABLE,,2023-11-04T02:41:15.003Z
460,oliver.grant.0460@informationtechconsultants.co.uk,Oliver,Grant,USER,ANDROID,AVAILABLE,,2023-03-25T09:13:25.229Z
461,oliver.clarke.0461@informationtechconsultants.co.uk,Oliver,Clarke,USER,ANDROID,AVAILABLE,,2025-08-11T16:25:23.226Z
462,oliver.turner.0462@informationtechconsultants.co.uk,Oliver,Turner,USER,ANDROID,AVAILABLE,,2024-11-21T14:12:33.449Z
463,oliver.okafor.0463@informationtechconsultants.co.uk,Oliver,Okafor,USER,ANDROID,AVAILABLE,,2025-08-26T13:36:34.656Z
464,oliver.walsh.0464@informationtechconsultants.co.uk,Oliver,Walsh,USER,ANDROID,AVAILABLE,,2025-02-02T00:14:23.511Z
465,oliver.mahmood.0465@informationtechconsultants.co.uk,Oliver,Mahmood,USER,ANDROID,AVAILABLE,,2026-05-03T17:42:37.455Z
466,oliver.bennett.0466@informationtechconsultants.co.uk,Oliver,Bennett,USER,ANDROID,AVAILABLE,,2023-05-21T07:25:05.758Z
467,oliver.rossi.0467@informationtechconsultants.co.uk,Oliver,Rossi,USER,ANDROID,AVAILABLE,,2023-09-25T23:47:08.843Z
468,oliver.price.0468@informationtechconsultants.co.uk,Oliver,Price,USER,ANDROID,AVAILABLE,,2024-06-28T06:25:58.313Z
469,oliver.ali.0469@informationtechconsultants.co.uk,Oliver,Ali,USER,ANDROID,AVAILABLE,,2025-02-26T19:04:14.321Z
470,oliver.harris.0470@informationtechconsultants.co.uk,Oliver,Harris,USER,ANDROID,ENDING_SOON,Atlas Retail,2026-06-03T07:11:29.731Z
471,oliver.martin.0471@informationtechconsultants.co.uk,Oliver,Martin,USER,ANDROID,ENDING_SOON,Redwood Energy,2025-10-10T15:32:37.252Z
472,oliver.ahmed.0472@informationtechconsultants.co.uk,Oliver,Ahmed,USER,ANDROID,ENDING_SOON,Horizon Health,2024-06-11T04:52:32.347Z
473,oliver.cooper.0473@informationtechconsultants.co.uk,Oliver,Cooper,USER,ANDROID,ENDING_SOON,BluePeak Telecom,2025-12-26T15:14:42.150Z
474,oliver.foster.0474@informationtechconsultants.co.uk,Oliver,Foster,USER,ANDROID,ENDING_SOON,Meridian Finance,2024-06-09T22:04:10.140Z
475,oliver.nair.0475@informationtechconsultants.co.uk,Oliver,Nair,USER,ANDROID,ENDING_SOON,Vertex Logistics,2023-09-17T17:27:41.259Z
476,oliver.bailey.0476@informationtechconsultants.co.uk,Oliver,Bailey,USER,DATA,ENDING_SOON,Cedar Insurance,2023-03-10T22:49:12.555Z
477,oliver.kim.0477@informationtechconsultants.co.uk,Oliver,Kim,USER,DATA,ENDING_SOON,Aurora Media,2025-05-22T16:10:48.281Z
478,oliver.ward.0478@informationtechconsultants.co.uk,Oliver,Ward,USER,DATA,ENDING_SOON,Ember Mobility,2024-03-24T11:21:12.201Z
479,oliver.malik.0479@informationtechconsultants.co.uk,Oliver,Malik,USER,DATA,ENDING_SOON,Summit Travel,2023-08-20T10:31:06.711Z
480,oliver.carter.0480@informationtechconsultants.co.uk,Oliver,Carter,USER,DATA,ENDING_SOON,Oakline Public Sector,2023-01-13T08:50:06.558Z
481,oliver.santos.0481@informationtechconsultants.co.uk,Oliver,Santos,USER,DATA,PLACED,Northstar Bank,2023-11-15T08:16:19.307Z
482,oliver.cole.0482@informationtechconsultants.co.uk,Oliver,Cole,USER,DATA,PLACED,Atlas Retail,2026-06-30T17:35:15.826Z
483,oliver.lewis.0483@informationtechconsultants.co.uk,Oliver,Lewis,USER,DATA,PLACED,Redwood Energy,2025-02-08T06:53:22.146Z
484,oliver.mills.0484@informationtechconsultants.co.uk,Oliver,Mills,USER,DATA,PLACED,Horizon Health,2025-10-22T23:40:50.028Z
485,oliver.sen.0485@informationtechconsultants.co.uk,Oliver,Sen,USER,DATA,PLACED,BluePeak Telecom,2023-09-02T08:47:32.042Z
486,oliver.bell.0486@informationtechconsultants.co.uk,Oliver,Bell,USER,DATA,PLACED,Meridian Finance,2023-11-02T19:16:25.548Z
487,oliver.davis.0487@informationtechconsultants.co.uk,Oliver,Davis,USER,DATA,PLACED,Vertex Logistics,2025-11-19T12:17:54.625Z
488,oliver.evans.0488@informationtechconsultants.co.uk,Oliver,Evans,USER,DATA,PLACED,Cedar Insurance,2025-08-11T12:11:26.474Z
489,oliver.williams.0489@informationtechconsultants.co.uk,Oliver,Williams,USER,DATA,PLACED,Aurora Media,2024-02-22T06:51:05.954Z
490,oliver.scott.0490@informationtechconsultants.co.uk,Oliver,Scott,USER,DATA,PLACED,Ember Mobility,2024-12-04T14:31:30.651Z
491,oliver.ibrahim.0491@informationtechconsultants.co.uk,Oliver,Ibrahim,USER,DATA,PLACED,Summit Travel,2025-10-20T14:42:28.159Z
492,oliver.mitchell.0492@informationtechconsultants.co.uk,Oliver,Mitchell,USER,DATA,PLACED,Oakline Public Sector,2025-09-13T14:44:50.402Z
493,oliver.murphy.0493@informationtechconsultants.co.uk,Oliver,Murphy,USER,DATA,PLACED,Northstar Bank,2024-05-03T01:37:26.382Z
494,oliver.iqbal.0494@informationtechconsultants.co.uk,Oliver,Iqbal,USER,DATA,PLACED,Atlas Retail,2024-07-02T19:40:04.100Z
495,oliver.roberts.0495@informationtechconsultants.co.uk,Oliver,Roberts,USER,DATA,PLACED,Redwood Energy,2025-05-30T10:47:08.565Z
496,oliver.wright.0496@informationtechconsultants.co.uk,Oliver,Wright,USER,DATA,PLACED,Horizon Health,2023-11-22T10:12:09.503Z
497,oliver.cho.0497@informationtechconsultants.co.uk,Oliver,Cho,USER,DATA,PLACED,BluePeak Telecom,2026-07-06T23:38:59.357Z
498,oliver.parker.0498@informationtechconsultants.co.uk,Oliver,Parker,USER,DATA,PLACED,Meridian Finance,2026-01-27T18:13:29.106Z
499,oliver.taylor.0499@informationtechconsultants.co.uk,Oliver,Taylor,USER,DATA,PLACED,Vertex Logistics,2023-08-08T15:21:42.820Z
500,oliver.nelson.0500@informationtechconsultants.co.uk,Oliver,Nelson,USER,DATA,PLACED,Cedar Insurance,2024-11-14T12:18:34.663Z
501,maya.rahman.0501@informationtechconsultants.co.uk,Maya,Rahman,USER,PYTHON,PLACED,Aurora Media,2026-06-18T00:28:33.254Z
502,maya.morgan.0502@informationtechconsultants.co.uk,Maya,Morgan,USER,PYTHON,PLACED,Ember Mobility,2026-04-11T08:07:53.623Z
503,maya.shah.0503@informationtechconsultants.co.uk,Maya,Shah,USER,PYTHON,PLACED,Summit Travel,2023-10-09T06:38:57.344Z
504,maya.green.0504@informationtechconsultants.co.uk,Maya,Green,USER,PYTHON,PLACED,Oakline Public Sector,2025-08-13T21:47:43.515Z
505,maya.patel.0505@informationtechconsultants.co.uk,Maya,Patel,USER,PYTHON,PLACED,Northstar Bank,2023-01-17T11:29:49.605Z
506,maya.reed.0506@informationtechconsultants.co.uk,Maya,Reed,USER,PYTHON,PLACED,Atlas Retail,2025-07-09T21:52:29.902Z
507,maya.hassan.0507@informationtechconsultants.co.uk,Maya,Hassan,USER,PYTHON,PLACED,Redwood Energy,2024-02-17T17:06:30.556Z
508,maya.brooks.0508@informationtechconsultants.co.uk,Maya,Brooks,USER,PYTHON,PLACED,Horizon Health,2023-09-20T20:55:19.375Z
509,maya.khan.0509@informationtechconsultants.co.uk,Maya,Khan,USER,PYTHON,PLACED,BluePeak Telecom,2024-08-23T01:05:46.570Z
510,maya.grant.0510@informationtechconsultants.co.uk,Maya,Grant,USER,PYTHON,PLACED,Meridian Finance,2023-05-01T04:05:50.152Z
511,maya.clarke.0511@informationtechconsultants.co.uk,Maya,Clarke,USER,PYTHON,PLACED,Vertex Logistics,2024-01-28T06:33:39.394Z
512,maya.turner.0512@informationtechconsultants.co.uk,Maya,Turner,USER,PYTHON,PLACED,Cedar Insurance,2025-10-18T22:27:47.926Z
513,maya.okafor.0513@informationtechconsultants.co.uk,Maya,Okafor,USER,PYTHON,PLACED,Aurora Media,2025-06-08T17:05:48.935Z
514,maya.walsh.0514@informationtechconsultants.co.uk,Maya,Walsh,USER,PYTHON,PLACED,Ember Mobility,2026-04-11T17:21:23.325Z
515,maya.mahmood.0515@informationtechconsultants.co.uk,Maya,Mahmood,USER,PYTHON,PLACED,Summit Travel,2025-08-02T18:10:40.342Z
516,maya.bennett.0516@informationtechconsultants.co.uk,Maya,Bennett,USER,PYTHON,PLACED,Oakline Public Sector,2024-07-31T20:13:07.892Z
517,maya.rossi.0517@informationtechconsultants.co.uk,Maya,Rossi,USER,PYTHON,PLACED,Northstar Bank,2026-04-28T02:10:30.124Z
518,maya.price.0518@informationtechconsultants.co.uk,Maya,Price,USER,PYTHON,PLACED,Atlas Retail,2026-07-18T17:53:02.070Z
519,maya.ali.0519@informationtechconsultants.co.uk,Maya,Ali,USER,PYTHON,PLACED,Redwood Energy,2023-04-28T09:44:54.155Z
520,maya.harris.0520@informationtechconsultants.co.uk,Maya,Harris,USER,PYTHON,PLACED,Horizon Health,2026-04-04T07:49:36.603Z
521,maya.martin.0521@informationtechconsultants.co.uk,Maya,Martin,USER,PYTHON,PLACED,BluePeak Telecom,2023-01-12T03:58:30.341Z
522,maya.ahmed.0522@informationtechconsultants.co.uk,Maya,Ahmed,USER,PYTHON,PLACED,Meridian Finance,2024-07-07T07:23:36.523Z
523,maya.cooper.0523@informationtechconsultants.co.uk,Maya,Cooper,USER,PYTHON,PLACED,Vertex Logistics,2025-01-30T00:52:54.887Z
524,maya.foster.0524@informationtechconsultants.co.uk,Maya,Foster,USER,PYTHON,PLACED,Cedar Insurance,2023-04-15T11:14:39.220Z
525,maya.nair.0525@informationtechconsultants.co.uk,Maya,Nair,USER,PYTHON,PLACED,Aurora Media,2023-10-24T13:58:35.510Z
526,maya.bailey.0526@informationtechconsultants.co.uk,Maya,Bailey,USER,PYTHON,PLACED,Ember Mobility,2025-01-11T23:45:28.771Z
527,maya.kim.0527@informationtechconsultants.co.uk,Maya,Kim,USER,PYTHON,PLACED,Summit Travel,2024-01-09T21:17:35.690Z
528,maya.ward.0528@informationtechconsultants.co.uk,Maya,Ward,USER,PYTHON,PLACED,Oakline Public Sector,2023-08-24T18:43:09.187Z
529,maya.malik.0529@informationtechconsultants.co.uk,Maya,Malik,USER,PYTHON,PLACED,Northstar Bank,2025-02-11T12:41:25.467Z
530,maya.carter.0530@informationtechconsultants.co.uk,Maya,Carter,USER,PYTHON,PLACED,Atlas Retail,2024-12-05T13:42:06.842Z
531,maya.santos.0531@informationtechconsultants.co.uk,Maya,Santos,USER,PYTHON,PLACED,Redwood Energy,2024-03-25T07:13:19.813Z
532,maya.cole.0532@informationtechconsultants.co.uk,Maya,Cole,USER,PYTHON,PLACED,Horizon Health,2025-10-17T18:32:49.369Z
533,maya.lewis.0533@informationtechconsultants.co.uk,Maya,Lewis,USER,PYTHON,PLACED,BluePeak Telecom,2024-12-18T19:58:43.657Z
534,maya.mills.0534@informationtechconsultants.co.uk,Maya,Mills,USER,PYTHON,PLACED,Meridian Finance,2024-06-12T01:56:04.349Z
535,maya.sen.0535@informationtechconsultants.co.uk,Maya,Sen,USER,PYTHON,PLACED,Vertex Logistics,2023-02-02T14:52:32.560Z
536,maya.bell.0536@informationtechconsultants.co.uk,Maya,Bell,USER,PYTHON,AVAILABLE,,2023-11-15T19:52:17.774Z
537,maya.davis.0537@informationtechconsultants.co.uk,Maya,Davis,USER,PYTHON,AVAILABLE,,2024-08-13T10:50:45.637Z
538,maya.evans.0538@informationtechconsultants.co.uk,Maya,Evans,USER,PYTHON,AVAILABLE,,2023-03-30T02:01:33.666Z
539,maya.williams.0539@informationtechconsultants.co.uk,Maya,Williams,USER,PYTHON,AVAILABLE,,2025-12-24T21:13:15.084Z
540,maya.scott.0540@informationtechconsultants.co.uk,Maya,Scott,USER,PYTHON,AVAILABLE,,2025-12-04T11:42:59.246Z
541,maya.ibrahim.0541@informationtechconsultants.co.uk,Maya,Ibrahim,USER,PYTHON,AVAILABLE,,2023-12-24T06:34:04.089Z
542,maya.mitchell.0542@informationtechconsultants.co.uk,Maya,Mitchell,USER,PYTHON,AVAILABLE,,2023-05-09T17:27:14.115Z
543,maya.murphy.0543@informationtechconsultants.co.uk,Maya,Murphy,USER,ANDROID,AVAILABLE,,2023-09-17T06:22:10.219Z
544,maya.iqbal.0544@informationtechconsultants.co.uk,Maya,Iqbal,USER,ANDROID,AVAILABLE,,2024-10-07T18:43:39.637Z
545,maya.roberts.0545@informationtechconsultants.co.uk,Maya,Roberts,USER,ANDROID,AVAILABLE,,2026-04-14T19:28:42.385Z
546,maya.wright.0546@informationtechconsultants.co.uk,Maya,Wright,USER,ANDROID,AVAILABLE,,2026-04-28T09:25:26.634Z
547,maya.cho.0547@informationtechconsultants.co.uk,Maya,Cho,USER,ANDROID,AVAILABLE,,2025-06-13T22:06:17.563Z
548,maya.parker.0548@informationtechconsultants.co.uk,Maya,Parker,USER,ANDROID,AVAILABLE,,2025-04-24T15:23:15.165Z
549,maya.taylor.0549@informationtechconsultants.co.uk,Maya,Taylor,USER,ANDROID,AVAILABLE,,2025-07-09T00:03:20.861Z
550,maya.nelson.0550@informationtechconsultants.co.uk,Maya,Nelson,USER,ANDROID,ENDING_SOON,Ember Mobility,2024-02-14T12:16:37.001Z
551,isaac.rahman.0551@informationtechconsultants.co.uk,Isaac,Rahman,USER,ANDROID,ENDING_SOON,Summit Travel,2024-11-20T22:03:18.761Z
552,isaac.morgan.0552@informationtechconsultants.co.uk,Isaac,Morgan,USER,ANDROID,ENDING_SOON,Oakline Public Sector,2024-07-18T15:11:59.249Z
553,isaac.shah.0553@informationtechconsultants.co.uk,Isaac,Shah,USER,ANDROID,ENDING_SOON,Northstar Bank,2025-10-08T22:23:22.183Z
554,isaac.green.0554@informationtechconsultants.co.uk,Isaac,Green,USER,ANDROID,ENDING_SOON,Atlas Retail,2023-04-09T20:14:07.198Z
555,isaac.patel.0555@informationtechconsultants.co.uk,Isaac,Patel,USER,ANDROID,ENDING_SOON,Redwood Energy,2024-04-11T00:15:19.527Z
556,isaac.reed.0556@informationtechconsultants.co.uk,Isaac,Reed,USER,ANDROID,ENDING_SOON,Horizon Health,2023-12-26T22:02:30.510Z
557,isaac.hassan.0557@informationtechconsultants.co.uk,Isaac,Hassan,USER,ANDROID,ENDING_SOON,BluePeak Telecom,2023-02-13T11:53:48.825Z
558,isaac.brooks.0558@informationtechconsultants.co.uk,Isaac,Brooks,USER,ANDROID,ENDING_SOON,Meridian Finance,2023-03-20T23:30:49.258Z
559,isaac.khan.0559@informationtechconsultants.co.uk,Isaac,Khan,USER,ANDROID,ENDING_SOON,Vertex Logistics,2025-07-26T00:06:46.338Z
560,isaac.grant.0560@informationtechconsultants.co.uk,Isaac,Grant,USER,ANDROID,ENDING_SOON,Cedar Insurance,2025-01-09T13:22:12.975Z
561,isaac.clarke.0561@informationtechconsultants.co.uk,Isaac,Clarke,USER,ANDROID,PLACED,Aurora Media,2023-01-04T09:54:10.221Z
562,isaac.turner.0562@informationtechconsultants.co.uk,Isaac,Turner,USER,ANDROID,PLACED,Ember Mobility,2024-03-14T14:41:14.436Z
563,isaac.okafor.0563@informationtechconsultants.co.uk,Isaac,Okafor,USER,ANDROID,PLACED,Summit Travel,2026-04-17T05:24:40.828Z
564,isaac.walsh.0564@informationtechconsultants.co.uk,Isaac,Walsh,USER,ANDROID,PLACED,Oakline Public Sector,2023-06-13T01:06:12.676Z
565,isaac.mahmood.0565@informationtechconsultants.co.uk,Isaac,Mahmood,USER,ANDROID,PLACED,Northstar Bank,2025-12-25T09:02:23.388Z
566,isaac.bennett.0566@informationtechconsultants.co.uk,Isaac,Bennett,USER,ANDROID,PLACED,Atlas Retail,2025-12-13T08:47:24.886Z
567,isaac.rossi.0567@informationtechconsultants.co.uk,Isaac,Rossi,USER,ANDROID,PLACED,Redwood Energy,2024-06-07T08:37:25.066Z
568,isaac.price.0568@informationtechconsultants.co.uk,Isaac,Price,USER,ANDROID,PLACED,Horizon Health,2023-01-12T22:55:17.722Z
569,isaac.ali.0569@informationtechconsultants.co.uk,Isaac,Ali,USER,ANDROID,PLACED,BluePeak Telecom,2023-08-20T12:14:17.825Z
570,isaac.harris.0570@informationtechconsultants.co.uk,Isaac,Harris,USER,ANDROID,PLACED,Meridian Finance,2026-06-01T06:58:59.671Z
571,isaac.martin.0571@informationtechconsultants.co.uk,Isaac,Martin,USER,ANDROID,PLACED,Vertex Logistics,2025-07-27T05:46:34.848Z
572,isaac.ahmed.0572@informationtechconsultants.co.uk,Isaac,Ahmed,USER,ANDROID,PLACED,Cedar Insurance,2025-01-16T03:49:17.272Z
573,isaac.cooper.0573@informationtechconsultants.co.uk,Isaac,Cooper,USER,ANDROID,PLACED,Aurora Media,2023-10-20T04:26:29.204Z
574,isaac.foster.0574@informationtechconsultants.co.uk,Isaac,Foster,USER,ANDROID,PLACED,Ember Mobility,2024-10-07T16:18:11.395Z
575,isaac.nair.0575@informationtechconsultants.co.uk,Isaac,Nair,USER,ANDROID,PLACED,Summit Travel,2025-09-25T18:24:45.234Z
576,isaac.bailey.0576@informationtechconsultants.co.uk,Isaac,Bailey,USER,DATA,PLACED,Oakline Public Sector,2025-02-07T05:52:14.461Z
577,isaac.kim.0577@informationtechconsultants.co.uk,Isaac,Kim,USER,DATA,PLACED,Northstar Bank,2025-03-23T10:19:45.492Z
578,isaac.ward.0578@informationtechconsultants.co.uk,Isaac,Ward,USER,DATA,PLACED,Atlas Retail,2024-03-16T08:36:06.912Z
579,isaac.malik.0579@informationtechconsultants.co.uk,Isaac,Malik,USER,DATA,PLACED,Redwood Energy,2024-01-18T21:22:43.598Z
580,isaac.carter.0580@informationtechconsultants.co.uk,Isaac,Carter,USER,DATA,PLACED,Horizon Health,2024-02-02T06:44:31.390Z
581,isaac.santos.0581@informationtechconsultants.co.uk,Isaac,Santos,USER,DATA,PLACED,BluePeak Telecom,2024-11-02T03:53:17.604Z
582,isaac.cole.0582@informationtechconsultants.co.uk,Isaac,Cole,USER,DATA,PLACED,Meridian Finance,2026-07-28T18:57:05.844Z
583,isaac.lewis.0583@informationtechconsultants.co.uk,Isaac,Lewis,USER,DATA,PLACED,Vertex Logistics,2025-08-01T08:51:44.568Z
584,isaac.mills.0584@informationtechconsultants.co.uk,Isaac,Mills,USER,DATA,PLACED,Cedar Insurance,2024-03-16T21:54:21.236Z
585,isaac.sen.0585@informationtechconsultants.co.uk,Isaac,Sen,USER,DATA,PLACED,Aurora Media,2023-05-17T10:22:58.407Z
586,isaac.bell.0586@informationtechconsultants.co.uk,Isaac,Bell,USER,DATA,PLACED,Ember Mobility,2024-04-03T03:54:25.124Z
587,isaac.davis.0587@informationtechconsultants.co.uk,Isaac,Davis,USER,DATA,PLACED,Summit Travel,2023-07-15T08:58:52.408Z
588,isaac.evans.0588@informationtechconsultants.co.uk,Isaac,Evans,USER,DATA,PLACED,Oakline Public Sector,2023-02-01T15:46:12.538Z
589,isaac.williams.0589@informationtechconsultants.co.uk,Isaac,Williams,USER,DATA,PLACED,Northstar Bank,2024-12-03T01:39:51.236Z
590,isaac.scott.0590@informationtechconsultants.co.uk,Isaac,Scott,USER,DATA,PLACED,Atlas Retail,2024-01-27T07:03:41.394Z
591,isaac.ibrahim.0591@informationtechconsultants.co.uk,Isaac,Ibrahim,USER,DATA,PLACED,Redwood Energy,2023-10-19T22:15:31.759Z
592,isaac.mitchell.0592@informationtechconsultants.co.uk,Isaac,Mitchell,USER,DATA,PLACED,Horizon Health,2024-07-26T05:28:17.779Z
593,isaac.murphy.0593@informationtechconsultants.co.uk,Isaac,Murphy,USER,DATA,PLACED,BluePeak Telecom,2023-11-08T08:56:47.007Z
594,isaac.iqbal.0594@informationtechconsultants.co.uk,Isaac,Iqbal,USER,DATA,PLACED,Meridian Finance,2024-08-17T22:22:17.947Z
595,isaac.roberts.0595@informationtechconsultants.co.uk,Isaac,Roberts,USER,DATA,PLACED,Vertex Logistics,2024-12-27T22:07:58.855Z
596,isaac.wright.0596@informationtechconsultants.co.uk,Isaac,Wright,USER,DATA,PLACED,Cedar Insurance,2026-01-26T01:29:34.719Z
597,isaac.cho.0597@informationtechconsultants.co.uk,Isaac,Cho,USER,DATA,PLACED,Aurora Media,2024-01-16T18:13:22.506Z
598,isaac.parker.0598@informationtechconsultants.co.uk,Isaac,Parker,USER,DATA,PLACED,Ember Mobility,2024-11-03T02:29:00.941Z
599,isaac.taylor.0599@informationtechconsultants.co.uk,Isaac,Taylor,USER,DATA,PLACED,Summit Travel,2026-06-28T07:14:50.486Z
600,isaac.nelson.0600@informationtechconsultants.co.uk,Isaac,Nelson,USER,DATA,PLACED,Oakline Public Sector,2023-03-28T13:53:12.421Z
601,amara.rahman.0601@informationtechconsultants.co.uk,Amara,Rahman,USER,PYTHON,PLACED,Northstar Bank,2026-05-17T06:24:20.018Z
602,amara.morgan.0602@informationtechconsultants.co.uk,Amara,Morgan,USER,PYTHON,PLACED,Atlas Retail,2023-03-18T05:58:48.923Z
603,amara.shah.0603@informationtechconsultants.co.uk,Amara,Shah,USER,PYTHON,PLACED,Redwood Energy,2026-07-08T09:25:36.969Z
604,amara.green.0604@informationtechconsultants.co.uk,Amara,Green,USER,PYTHON,PLACED,Horizon Health,2024-01-30T16:16:59.982Z
605,amara.patel.0605@informationtechconsultants.co.uk,Amara,Patel,USER,PYTHON,PLACED,BluePeak Telecom,2025-11-08T09:22:05.641Z
606,amara.reed.0606@informationtechconsultants.co.uk,Amara,Reed,USER,PYTHON,PLACED,Meridian Finance,2025-08-10T04:26:07.196Z
607,amara.hassan.0607@informationtechconsultants.co.uk,Amara,Hassan,USER,PYTHON,PLACED,Vertex Logistics,2026-01-07T12:35:12.302Z
608,amara.brooks.0608@informationtechconsultants.co.uk,Amara,Brooks,USER,PYTHON,PLACED,Cedar Insurance,2026-01-17T13:41:49.541Z
609,amara.khan.0609@informationtechconsultants.co.uk,Amara,Khan,USER,PYTHON,PLACED,Aurora Media,2023-01-24T01:15:20.645Z
610,amara.grant.0610@informationtechconsultants.co.uk,Amara,Grant,USER,PYTHON,PLACED,Ember Mobility,2025-12-29T10:39:18.276Z
611,amara.clarke.0611@informationtechconsultants.co.uk,Amara,Clarke,USER,PYTHON,PLACED,Summit Travel,2023-12-25T03:39:25.949Z
612,amara.turner.0612@informationtechconsultants.co.uk,Amara,Turner,USER,PYTHON,PLACED,Oakline Public Sector,2023-10-05T03:12:48.497Z
613,amara.okafor.0613@informationtechconsultants.co.uk,Amara,Okafor,USER,PYTHON,PLACED,Northstar Bank,2023-04-19T14:07:08.538Z
614,amara.walsh.0614@informationtechconsultants.co.uk,Amara,Walsh,USER,PYTHON,PLACED,Atlas Retail,2025-08-01T11:13:10.343Z
615,amara.mahmood.0615@informationtechconsultants.co.uk,Amara,Mahmood,USER,PYTHON,PLACED,Redwood Energy,2026-01-01T05:56:29.736Z
616,amara.bennett.0616@informationtechconsultants.co.uk,Amara,Bennett,USER,PYTHON,AVAILABLE,,2026-05-12T15:10:44.756Z
617,amara.rossi.0617@informationtechconsultants.co.uk,Amara,Rossi,USER,PYTHON,AVAILABLE,,2026-07-27T20:53:33.770Z
618,amara.price.0618@informationtechconsultants.co.uk,Amara,Price,USER,PYTHON,AVAILABLE,,2023-03-14T21:40:03.409Z
619,amara.ali.0619@informationtechconsultants.co.uk,Amara,Ali,USER,PYTHON,AVAILABLE,,2025-07-02T23:15:33.691Z
620,amara.harris.0620@informationtechconsultants.co.uk,Amara,Harris,USER,PYTHON,AVAILABLE,,2025-02-01T19:58:27.247Z
621,amara.martin.0621@informationtechconsultants.co.uk,Amara,Martin,USER,PYTHON,AVAILABLE,,2024-06-04T12:44:54.477Z
622,amara.ahmed.0622@informationtechconsultants.co.uk,Amara,Ahmed,USER,PYTHON,AVAILABLE,,2024-12-31T15:40:39.268Z
623,amara.cooper.0623@informationtechconsultants.co.uk,Amara,Cooper,USER,PYTHON,AVAILABLE,,2025-07-09T01:57:26.363Z
624,amara.foster.0624@informationtechconsultants.co.uk,Amara,Foster,USER,PYTHON,AVAILABLE,,2025-02-26T22:10:42.759Z
625,amara.nair.0625@informationtechconsultants.co.uk,Amara,Nair,USER,PYTHON,AVAILABLE,,2024-02-02T14:17:31.701Z
626,amara.bailey.0626@informationtechconsultants.co.uk,Amara,Bailey,USER,PYTHON,AVAILABLE,,2023-11-26T16:38:52.465Z
627,amara.kim.0627@informationtechconsultants.co.uk,Amara,Kim,USER,PYTHON,AVAILABLE,,2025-07-15T06:57:51.357Z
628,amara.ward.0628@informationtechconsultants.co.uk,Amara,Ward,USER,PYTHON,AVAILABLE,,2023-04-08T15:23:35.891Z
629,amara.malik.0629@informationtechconsultants.co.uk,Amara,Malik,USER,PYTHON,AVAILABLE,,2023-06-08T03:37:21.669Z
630,amara.carter.0630@informationtechconsultants.co.uk,Amara,Carter,USER,PYTHON,ENDING_SOON,Meridian Finance,2025-08-04T01:18:58.759Z
631,amara.santos.0631@informationtechconsultants.co.uk,Amara,Santos,USER,PYTHON,ENDING_SOON,Vertex Logistics,2025-04-07T13:48:26.457Z
632,amara.cole.0632@informationtechconsultants.co.uk,Amara,Cole,USER,PYTHON,ENDING_SOON,Cedar Insurance,2025-01-23T15:29:04.151Z
633,amara.lewis.0633@informationtechconsultants.co.uk,Amara,Lewis,USER,PYTHON,ENDING_SOON,Aurora Media,2023-01-16T14:46:23.859Z
634,amara.mills.0634@informationtechconsultants.co.uk,Amara,Mills,USER,PYTHON,ENDING_SOON,Ember Mobility,2026-01-04T20:40:29.836Z
635,amara.sen.0635@informationtechconsultants.co.uk,Amara,Sen,USER,PYTHON,ENDING_SOON,Summit Travel,2025-09-01T13:38:27.613Z
636,amara.bell.0636@informationtechconsultants.co.uk,Amara,Bell,USER,PYTHON,ENDING_SOON,Oakline Public Sector,2023-09-26T10:39:52.322Z
637,amara.davis.0637@informationtechconsultants.co.uk,Amara,Davis,USER,PYTHON,ENDING_SOON,Northstar Bank,2024-10-11T12:28:28.448Z
638,amara.evans.0638@informationtechconsultants.co.uk,Amara,Evans,USER,PYTHON,ENDING_SOON,Atlas Retail,2024-11-05T22:26:46.060Z
639,amara.williams.0639@informationtechconsultants.co.uk,Amara,Williams,USER,PYTHON,ENDING_SOON,Redwood Energy,2026-06-27T13:55:40.909Z
640,amara.scott.0640@informationtechconsultants.co.uk,Amara,Scott,USER,PYTHON,ENDING_SOON,Horizon Health,2024-01-17T01:31:14.758Z
641,amara.ibrahim.0641@informationtechconsultants.co.uk,Amara,Ibrahim,USER,PYTHON,PLACED,BluePeak Telecom,2023-09-12T19:20:31.436Z
642,amara.mitchell.0642@informationtechconsultants.co.uk,Amara,Mitchell,USER,PYTHON,PLACED,Meridian Finance,2026-05-17T09:44:02.844Z
643,amara.murphy.0643@informationtechconsultants.co.uk,Amara,Murphy,USER,ANDROID,PLACED,Vertex Logistics,2024-03-18T17:10:57.353Z
644,amara.iqbal.0644@informationtechconsultants.co.uk,Amara,Iqbal,USER,ANDROID,PLACED,Cedar Insurance,2023-06-16T22:29:24.697Z
645,amara.roberts.0645@informationtechconsultants.co.uk,Amara,Roberts,USER,ANDROID,PLACED,Aurora Media,2024-11-30T00:43:58.223Z
646,amara.wright.0646@informationtechconsultants.co.uk,Amara,Wright,USER,ANDROID,PLACED,Ember Mobility,2023-03-27T20:45:16.775Z
647,amara.cho.0647@informationtechconsultants.co.uk,Amara,Cho,USER,ANDROID,PLACED,Summit Travel,2023-11-03T11:21:38.505Z
648,amara.parker.0648@informationtechconsultants.co.uk,Amara,Parker,USER,ANDROID,PLACED,Oakline Public Sector,2026-02-27T15:16:09.377Z
649,amara.taylor.0649@informationtechconsultants.co.uk,Amara,Taylor,USER,ANDROID,PLACED,Northstar Bank,2024-12-30T09:06:36.647Z
650,amara.nelson.0650@informationtechconsultants.co.uk,Amara,Nelson,USER,ANDROID,PLACED,Atlas Retail,2023-08-05T01:37:23.250Z
651,henry.rahman.0651@informationtechconsultants.co.uk,Henry,Rahman,USER,ANDROID,PLACED,Redwood Energy,2024-05-26T16:40:57.128Z
652,henry.morgan.0652@informationtechconsultants.co.uk,Henry,Morgan,USER,ANDROID,PLACED,Horizon Health,2024-10-25T08:33:09.035Z
653,henry.shah.0653@informationtechconsultants.co.uk,Henry,Shah,USER,ANDROID,PLACED,BluePeak Telecom,2025-07-11T04:16:04.382Z
654,henry.green.0654@informationtechconsultants.co.uk,Henry,Green,USER,ANDROID,PLACED,Meridian Finance,2025-10-26T19:21:53.795Z
655,henry.patel.0655@informationtechconsultants.co.uk,Henry,Patel,USER,ANDROID,PLACED,Vertex Logistics,2026-06-01T14:06:14.998Z
656,henry.reed.0656@informationtechconsultants.co.uk,Henry,Reed,USER,ANDROID,PLACED,Cedar Insurance,2026-07-08T21:44:57.105Z
657,henry.hassan.0657@informationtechconsultants.co.uk,Henry,Hassan,USER,ANDROID,PLACED,Aurora Media,2024-01-05T13:45:38.994Z
658,henry.brooks.0658@informationtechconsultants.co.uk,Henry,Brooks,USER,ANDROID,PLACED,Ember Mobility,2024-06-27T10:08:50.796Z
659,henry.khan.0659@informationtechconsultants.co.uk,Henry,Khan,USER,ANDROID,PLACED,Summit Travel,2023-10-08T15:22:25.556Z
660,henry.grant.0660@informationtechconsultants.co.uk,Henry,Grant,USER,ANDROID,PLACED,Oakline Public Sector,2024-07-15T20:55:03.483Z
661,henry.clarke.0661@informationtechconsultants.co.uk,Henry,Clarke,USER,ANDROID,PLACED,Northstar Bank,2023-08-03T14:17:52.275Z
662,henry.turner.0662@informationtechconsultants.co.uk,Henry,Turner,USER,ANDROID,PLACED,Atlas Retail,2024-01-20T09:28:19.148Z
663,henry.okafor.0663@informationtechconsultants.co.uk,Henry,Okafor,USER,ANDROID,PLACED,Redwood Energy,2025-03-05T07:00:20.408Z
664,henry.walsh.0664@informationtechconsultants.co.uk,Henry,Walsh,USER,ANDROID,PLACED,Horizon Health,2024-05-08T23:31:14.579Z
665,henry.mahmood.0665@informationtechconsultants.co.uk,Henry,Mahmood,USER,ANDROID,PLACED,BluePeak Telecom,2025-01-03T18:09:06.496Z
666,henry.bennett.0666@informationtechconsultants.co.uk,Henry,Bennett,USER,ANDROID,PLACED,Meridian Finance,2025-01-11T18:03:59.972Z
667,henry.rossi.0667@informationtechconsultants.co.uk,Henry,Rossi,USER,ANDROID,PLACED,Vertex Logistics,2025-11-04T22:37:20.983Z
668,henry.price.0668@informationtechconsultants.co.uk,Henry,Price,USER,ANDROID,PLACED,Cedar Insurance,2024-12-27T04:48:20.085Z
669,henry.ali.0669@informationtechconsultants.co.uk,Henry,Ali,USER,ANDROID,PLACED,Aurora Media,2024-07-28T04:56:08.426Z
670,henry.harris.0670@informationtechconsultants.co.uk,Henry,Harris,USER,ANDROID,PLACED,Ember Mobility,2025-04-11T13:27:21.713Z
671,henry.martin.0671@informationtechconsultants.co.uk,Henry,Martin,USER,ANDROID,PLACED,Summit Travel,2024-10-18T06:05:49.184Z
672,henry.ahmed.0672@informationtechconsultants.co.uk,Henry,Ahmed,USER,ANDROID,PLACED,Oakline Public Sector,2026-01-08T08:14:08.841Z
673,henry.cooper.0673@informationtechconsultants.co.uk,Henry,Cooper,USER,ANDROID,PLACED,Northstar Bank,2025-08-01T05:42:08.237Z
674,henry.foster.0674@informationtechconsultants.co.uk,Henry,Foster,USER,ANDROID,PLACED,Atlas Retail,2026-01-21T03:24:01.420Z
675,henry.nair.0675@informationtechconsultants.co.uk,Henry,Nair,USER,ANDROID,PLACED,Redwood Energy,2024-12-22T15:13:08.444Z
676,henry.bailey.0676@informationtechconsultants.co.uk,Henry,Bailey,USER,DATA,PLACED,Horizon Health,2024-07-20T10:30:13.599Z
677,henry.kim.0677@informationtechconsultants.co.uk,Henry,Kim,USER,DATA,PLACED,BluePeak Telecom,2024-03-26T03:40:55.208Z
678,henry.ward.0678@informationtechconsultants.co.uk,Henry,Ward,USER,DATA,PLACED,Meridian Finance,2024-01-18T11:20:55.134Z
679,henry.malik.0679@informationtechconsultants.co.uk,Henry,Malik,USER,DATA,PLACED,Vertex Logistics,2025-02-05T10:51:13.914Z
680,henry.carter.0680@informationtechconsultants.co.uk,Henry,Carter,USER,DATA,PLACED,Cedar Insurance,2025-12-14T07:21:00.349Z
681,henry.santos.0681@informationtechconsultants.co.uk,Henry,Santos,USER,DATA,PLACED,Aurora Media,2023-02-27T22:31:14.834Z
682,henry.cole.0682@informationtechconsultants.co.uk,Henry,Cole,USER,DATA,PLACED,Ember Mobility,2026-02-13T21:33:56.134Z
683,henry.lewis.0683@informationtechconsultants.co.uk,Henry,Lewis,USER,DATA,PLACED,Summit Travel,2024-09-21T16:44:42.647Z
684,henry.mills.0684@informationtechconsultants.co.uk,Henry,Mills,USER,DATA,PLACED,Oakline Public Sector,2024-02-10T22:51:20.119Z
685,henry.sen.0685@informationtechconsultants.co.uk,Henry,Sen,USER,DATA,PLACED,Northstar Bank,2025-02-10T01:20:54.553Z
686,henry.bell.0686@informationtechconsultants.co.uk,Henry,Bell,USER,DATA,PLACED,Atlas Retail,2024-06-13T00:35:09.097Z
687,henry.davis.0687@informationtechconsultants.co.uk,Henry,Davis,USER,DATA,PLACED,Redwood Energy,2023-09-14T05:52:44.640Z
688,henry.evans.0688@informationtechconsultants.co.uk,Henry,Evans,USER,DATA,PLACED,Horizon Health,2025-02-04T01:23:47.196Z
689,henry.williams.0689@informationtechconsultants.co.uk,Henry,Williams,USER,DATA,PLACED,BluePeak Telecom,2023-09-26T13:11:07.628Z
690,henry.scott.0690@informationtechconsultants.co.uk,Henry,Scott,USER,DATA,PLACED,Meridian Finance,2024-09-10T22:21:53.230Z
691,henry.ibrahim.0691@informationtechconsultants.co.uk,Henry,Ibrahim,USER,DATA,PLACED,Vertex Logistics,2024-05-08T14:31:54.338Z
692,henry.mitchell.0692@informationtechconsultants.co.uk,Henry,Mitchell,USER,DATA,PLACED,Cedar Insurance,2023-03-25T05:49:32.468Z
693,henry.murphy.0693@informationtechconsultants.co.uk,Henry,Murphy,USER,DATA,PLACED,Aurora Media,2025-06-20T04:35:37.293Z
694,henry.iqbal.0694@informationtechconsultants.co.uk,Henry,Iqbal,USER,DATA,PLACED,Ember Mobility,2025-07-02T04:07:45.924Z
695,henry.roberts.0695@informationtechconsultants.co.uk,Henry,Roberts,USER,DATA,PLACED,Summit Travel,2025-10-02T13:47:22.198Z
696,henry.wright.0696@informationtechconsultants.co.uk,Henry,Wright,USER,DATA,AVAILABLE,,2023-02-12T12:47:04.527Z
697,henry.cho.0697@informationtechconsultants.co.uk,Henry,Cho,USER,DATA,AVAILABLE,,2026-01-16T05:57:59.054Z
698,henry.parker.0698@informationtechconsultants.co.uk,Henry,Parker,USER,DATA,AVAILABLE,,2023-04-12T23:58:43.101Z
699,henry.taylor.0699@informationtechconsultants.co.uk,Henry,Taylor,USER,DATA,AVAILABLE,,2024-12-14T21:52:25.010Z
700,henry.nelson.0700@informationtechconsultants.co.uk,Henry,Nelson,USER,DATA,AVAILABLE,,2023-10-15T20:18:06.996Z
701,zara.rahman.0701@informationtechconsultants.co.uk,Zara,Rahman,USER,PYTHON,AVAILABLE,,2024-06-04T11:13:05.315Z
702,zara.morgan.0702@informationtechconsultants.co.uk,Zara,Morgan,USER,PYTHON,AVAILABLE,,2025-08-27T07:48:04.119Z
703,zara.shah.0703@informationtechconsultants.co.uk,Zara,Shah,USER,PYTHON,AVAILABLE,,2026-05-07T01:43:13.093Z
704,zara.green.0704@informationtechconsultants.co.uk,Zara,Green,USER,PYTHON,AVAILABLE,,2023-02-11T10:15:37.891Z
705,zara.patel.0705@informationtechconsultants.co.uk,Zara,Patel,USER,PYTHON,AVAILABLE,,2025-02-17T10:20:10.155Z
706,zara.reed.0706@informationtechconsultants.co.uk,Zara,Reed,USER,PYTHON,AVAILABLE,,2023-03-06T03:58:38.875Z
707,zara.hassan.0707@informationtechconsultants.co.uk,Zara,Hassan,USER,PYTHON,AVAILABLE,,2024-03-09T03:07:34.468Z
708,zara.brooks.0708@informationtechconsultants.co.uk,Zara,Brooks,USER,PYTHON,AVAILABLE,,2025-12-01T04:33:44.319Z
709,zara.khan.0709@informationtechconsultants.co.uk,Zara,Khan,USER,PYTHON,AVAILABLE,,2024-03-24T00:50:14.264Z
710,zara.grant.0710@informationtechconsultants.co.uk,Zara,Grant,USER,PYTHON,ENDING_SOON,Atlas Retail,2023-03-17T01:47:07.782Z
711,zara.clarke.0711@informationtechconsultants.co.uk,Zara,Clarke,USER,PYTHON,ENDING_SOON,Redwood Energy,2024-12-04T20:57:55.539Z
712,zara.turner.0712@informationtechconsultants.co.uk,Zara,Turner,USER,PYTHON,ENDING_SOON,Horizon Health,2023-07-21T11:27:12.151Z
713,zara.okafor.0713@informationtechconsultants.co.uk,Zara,Okafor,USER,PYTHON,ENDING_SOON,BluePeak Telecom,2023-03-01T04:15:24.326Z
714,zara.walsh.0714@informationtechconsultants.co.uk,Zara,Walsh,USER,PYTHON,ENDING_SOON,Meridian Finance,2024-12-28T14:08:04.094Z
715,zara.mahmood.0715@informationtechconsultants.co.uk,Zara,Mahmood,USER,PYTHON,ENDING_SOON,Vertex Logistics,2026-07-25T11:31:21.825Z
716,zara.bennett.0716@informationtechconsultants.co.uk,Zara,Bennett,USER,PYTHON,ENDING_SOON,Cedar Insurance,2024-02-16T18:24:54.501Z
717,zara.rossi.0717@informationtechconsultants.co.uk,Zara,Rossi,USER,PYTHON,ENDING_SOON,Aurora Media,2023-05-19T09:14:56.995Z
718,zara.price.0718@informationtechconsultants.co.uk,Zara,Price,USER,PYTHON,ENDING_SOON,Ember Mobility,2026-01-14T06:50:29.577Z
719,zara.ali.0719@informationtechconsultants.co.uk,Zara,Ali,USER,PYTHON,ENDING_SOON,Summit Travel,2025-07-24T16:47:23.170Z
720,zara.harris.0720@informationtechconsultants.co.uk,Zara,Harris,USER,PYTHON,ENDING_SOON,Oakline Public Sector,2025-02-17T18:22:06.499Z
721,zara.martin.0721@informationtechconsultants.co.uk,Zara,Martin,USER,PYTHON,PLACED,Northstar Bank,2025-06-22T19:47:43.801Z
722,zara.ahmed.0722@informationtechconsultants.co.uk,Zara,Ahmed,USER,PYTHON,PLACED,Atlas Retail,2024-08-23T23:28:20.858Z
723,zara.cooper.0723@informationtechconsultants.co.uk,Zara,Cooper,USER,PYTHON,PLACED,Redwood Energy,2024-03-25T10:41:47.681Z
724,zara.foster.0724@informationtechconsultants.co.uk,Zara,Foster,USER,PYTHON,PLACED,Horizon Health,2024-04-08T16:59:08.622Z
725,zara.nair.0725@informationtechconsultants.co.uk,Zara,Nair,USER,PYTHON,PLACED,BluePeak Telecom,2026-06-01T11:11:52.302Z
726,zara.bailey.0726@informationtechconsultants.co.uk,Zara,Bailey,USER,PYTHON,PLACED,Meridian Finance,2025-01-05T07:25:54.706Z
727,zara.kim.0727@informationtechconsultants.co.uk,Zara,Kim,USER,PYTHON,PLACED,Vertex Logistics,2023-06-06T19:28:31.909Z
728,zara.ward.0728@informationtechconsultants.co.uk,Zara,Ward,USER,PYTHON,PLACED,Cedar Insurance,2025-01-07T18:27:09.986Z
729,zara.malik.0729@informationtechconsultants.co.uk,Zara,Malik,USER,PYTHON,PLACED,Aurora Media,2025-12-29T03:39:09.231Z
730,zara.carter.0730@informationtechconsultants.co.uk,Zara,Carter,USER,PYTHON,PLACED,Ember Mobility,2025-08-07T22:12:25.066Z
731,zara.santos.0731@informationtechconsultants.co.uk,Zara,Santos,USER,PYTHON,PLACED,Summit Travel,2026-01-31T18:18:57.108Z
732,zara.cole.0732@informationtechconsultants.co.uk,Zara,Cole,USER,PYTHON,PLACED,Oakline Public Sector,2026-07-14T14:35:38.264Z
733,zara.lewis.0733@informationtechconsultants.co.uk,Zara,Lewis,USER,PYTHON,PLACED,Northstar Bank,2026-04-15T02:32:37.932Z
734,zara.mills.0734@informationtechconsultants.co.uk,Zara,Mills,USER,PYTHON,PLACED,Atlas Retail,2024-11-30T05:08:13.385Z
735,zara.sen.0735@informationtechconsultants.co.uk,Zara,Sen,USER,PYTHON,PLACED,Redwood Energy,2025-07-02T01:38:22.686Z
736,zara.bell.0736@informationtechconsultants.co.uk,Zara,Bell,USER,PYTHON,PLACED,Horizon Health,2026-06-07T17:11:12.799Z
737,zara.davis.0737@informationtechconsultants.co.uk,Zara,Davis,USER,PYTHON,PLACED,BluePeak Telecom,2026-04-02T07:37:07.437Z
738,zara.evans.0738@informationtechconsultants.co.uk,Zara,Evans,USER,PYTHON,PLACED,Meridian Finance,2024-03-10T00:56:33.278Z
739,zara.williams.0739@informationtechconsultants.co.uk,Zara,Williams,USER,PYTHON,PLACED,Vertex Logistics,2026-02-07T23:10:03.312Z
740,zara.scott.0740@informationtechconsultants.co.uk,Zara,Scott,USER,PYTHON,PLACED,Cedar Insurance,2026-06-12T01:17:18.479Z
741,zara.ibrahim.0741@informationtechconsultants.co.uk,Zara,Ibrahim,USER,PYTHON,PLACED,Aurora Media,2025-09-13T05:06:42.362Z
742,zara.mitchell.0742@informationtechconsultants.co.uk,Zara,Mitchell,USER,PYTHON,PLACED,Ember Mobility,2023-03-13T22:40:47.381Z
743,zara.murphy.0743@informationtechconsultants.co.uk,Zara,Murphy,USER,ANDROID,PLACED,Summit Travel,2023-05-24T07:00:37.503Z
744,zara.iqbal.0744@informationtechconsultants.co.uk,Zara,Iqbal,USER,ANDROID,PLACED,Oakline Public Sector,2024-03-10T14:46:36.010Z
745,zara.roberts.0745@informationtechconsultants.co.uk,Zara,Roberts,USER,ANDROID,PLACED,Northstar Bank,2024-04-11T15:22:27.269Z
746,zara.wright.0746@informationtechconsultants.co.uk,Zara,Wright,USER,ANDROID,PLACED,Atlas Retail,2023-04-03T12:36:07.458Z
747,zara.cho.0747@informationtechconsultants.co.uk,Zara,Cho,USER,ANDROID,PLACED,Redwood Energy,2025-04-09T05:57:47.347Z
748,zara.parker.0748@informationtechconsultants.co.uk,Zara,Parker,USER,ANDROID,PLACED,Horizon Health,2024-10-11T11:10:10.637Z
749,zara.taylor.0749@informationtechconsultants.co.uk,Zara,Taylor,USER,ANDROID,PLACED,BluePeak Telecom,2026-03-23T08:17:25.947Z
750,zara.nelson.0750@informationtechconsultants.co.uk,Zara,Nelson,USER,ANDROID,PLACED,Meridian Finance,2023-11-02T16:06:58.843Z
751,noah.rahman.0751@informationtechconsultants.co.uk,Noah,Rahman,USER,ANDROID,PLACED,Vertex Logistics,2024-04-25T10:35:05.802Z
752,noah.morgan.0752@informationtechconsultants.co.uk,Noah,Morgan,USER,ANDROID,PLACED,Cedar Insurance,2025-01-05T10:03:42.287Z
753,noah.shah.0753@informationtechconsultants.co.uk,Noah,Shah,USER,ANDROID,PLACED,Aurora Media,2025-03-27T05:18:40.784Z
754,noah.green.0754@informationtechconsultants.co.uk,Noah,Green,USER,ANDROID,PLACED,Ember Mobility,2023-09-08T07:48:37.613Z
755,noah.patel.0755@informationtechconsultants.co.uk,Noah,Patel,USER,ANDROID,PLACED,Summit Travel,2025-06-08T06:08:08.679Z
756,noah.reed.0756@informationtechconsultants.co.uk,Noah,Reed,USER,ANDROID,PLACED,Oakline Public Sector,2026-05-05T04:19:33.287Z
757,noah.hassan.0757@informationtechconsultants.co.uk,Noah,Hassan,USER,ANDROID,PLACED,Northstar Bank,2025-01-30T19:23:24.593Z
758,noah.brooks.0758@informationtechconsultants.co.uk,Noah,Brooks,USER,ANDROID,PLACED,Atlas Retail,2026-02-16T07:41:31.810Z
759,noah.khan.0759@informationtechconsultants.co.uk,Noah,Khan,USER,ANDROID,PLACED,Redwood Energy,2026-04-17T04:54:15.163Z
760,noah.grant.0760@informationtechconsultants.co.uk,Noah,Grant,USER,ANDROID,PLACED,Horizon Health,2026-01-26T22:50:02.141Z
761,noah.clarke.0761@informationtechconsultants.co.uk,Noah,Clarke,USER,ANDROID,PLACED,BluePeak Telecom,2026-04-10T12:20:40.368Z
762,noah.turner.0762@informationtechconsultants.co.uk,Noah,Turner,USER,ANDROID,PLACED,Meridian Finance,2024-10-13T02:35:46.608Z
763,noah.okafor.0763@informationtechconsultants.co.uk,Noah,Okafor,USER,ANDROID,PLACED,Vertex Logistics,2023-01-08T18:47:42.640Z
764,noah.walsh.0764@informationtechconsultants.co.uk,Noah,Walsh,USER,ANDROID,PLACED,Cedar Insurance,2023-04-08T07:56:26.563Z
765,noah.mahmood.0765@informationtechconsultants.co.uk,Noah,Mahmood,USER,ANDROID,PLACED,Aurora Media,2023-01-31T15:32:51.764Z
766,noah.bennett.0766@informationtechconsultants.co.uk,Noah,Bennett,USER,ANDROID,PLACED,Ember Mobility,2026-05-30T08:20:27.462Z
767,noah.rossi.0767@informationtechconsultants.co.uk,Noah,Rossi,USER,ANDROID,PLACED,Summit Travel,2024-07-06T22:43:14.473Z
768,noah.price.0768@informationtechconsultants.co.uk,Noah,Price,USER,ANDROID,PLACED,Oakline Public Sector,2023-02-20T15:20:28.559Z
769,noah.ali.0769@informationtechconsultants.co.uk,Noah,Ali,USER,ANDROID,PLACED,Northstar Bank,2026-06-27T12:48:12.726Z
770,noah.harris.0770@informationtechconsultants.co.uk,Noah,Harris,USER,ANDROID,PLACED,Atlas Retail,2025-04-02T09:26:13.304Z
771,noah.martin.0771@informationtechconsultants.co.uk,Noah,Martin,USER,ANDROID,PLACED,Redwood Energy,2024-12-28T12:30:48.698Z
772,noah.ahmed.0772@informationtechconsultants.co.uk,Noah,Ahmed,USER,ANDROID,PLACED,Horizon Health,2024-02-13T02:45:22.571Z
773,noah.cooper.0773@informationtechconsultants.co.uk,Noah,Cooper,USER,ANDROID,PLACED,BluePeak Telecom,2026-04-24T16:33:17.094Z
774,noah.foster.0774@informationtechconsultants.co.uk,Noah,Foster,USER,ANDROID,PLACED,Meridian Finance,2025-04-28T11:30:14.647Z
775,noah.nair.0775@informationtechconsultants.co.uk,Noah,Nair,USER,ANDROID,PLACED,Vertex Logistics,2026-06-20T11:43:52.683Z
776,noah.bailey.0776@informationtechconsultants.co.uk,Noah,Bailey,USER,DATA,AVAILABLE,,2026-07-07T15:49:17.193Z
777,noah.kim.0777@informationtechconsultants.co.uk,Noah,Kim,USER,DATA,AVAILABLE,,2023-01-30T14:21:26.828Z
778,noah.ward.0778@informationtechconsultants.co.uk,Noah,Ward,USER,DATA,AVAILABLE,,2024-11-03T18:18:54.924Z
779,noah.malik.0779@informationtechconsultants.co.uk,Noah,Malik,USER,DATA,AVAILABLE,,2025-07-31T23:46:28.715Z
780,noah.carter.0780@informationtechconsultants.co.uk,Noah,Carter,USER,DATA,AVAILABLE,,2024-06-14T15:44:49.220Z
781,noah.santos.0781@informationtechconsultants.co.uk,Noah,Santos,USER,DATA,AVAILABLE,,2025-12-11T10:07:39.299Z
782,noah.cole.0782@informationtechconsultants.co.uk,Noah,Cole,USER,DATA,AVAILABLE,,2025-08-04T11:49:49.989Z
783,noah.lewis.0783@informationtechconsultants.co.uk,Noah,Lewis,USER,DATA,AVAILABLE,,2026-07-23T04:18:46.849Z
784,noah.mills.0784@informationtechconsultants.co.uk,Noah,Mills,USER,DATA,AVAILABLE,,2025-07-13T15:19:39.871Z
785,noah.sen.0785@informationtechconsultants.co.uk,Noah,Sen,USER,DATA,AVAILABLE,,2025-06-30T08:29:10.142Z
786,noah.bell.0786@informationtechconsultants.co.uk,Noah,Bell,USER,DATA,AVAILABLE,,2024-06-14T23:33:55.242Z
787,noah.davis.0787@informationtechconsultants.co.uk,Noah,Davis,USER,DATA,AVAILABLE,,2024-12-02T15:02:56.425Z
788,noah.evans.0788@informationtechconsultants.co.uk,Noah,Evans,USER,DATA,AVAILABLE,,2025-01-28T02:52:05.174Z
789,noah.williams.0789@informationtechconsultants.co.uk,Noah,Williams,USER,DATA,AVAILABLE,,2024-03-29T17:20:07.296Z
790,noah.scott.0790@informationtechconsultants.co.uk,Noah,Scott,USER,DATA,ENDING_SOON,Ember Mobility,2026-01-17T08:32:37.396Z
791,noah.ibrahim.0791@informationtechconsultants.co.uk,Noah,Ibrahim,USER,DATA,ENDING_SOON,Summit Travel,2023-01-28T18:06:09.226Z
792,noah.mitchell.0792@informationtechconsultants.co.uk,Noah,Mitchell,USER,DATA,ENDING_SOON,Oakline Public Sector,2023-07-30T13:08:53.770Z
793,noah.murphy.0793@informationtechconsultants.co.uk,Noah,Murphy,USER,DATA,ENDING_SOON,Northstar Bank,2023-03-17T00:07:59.213Z
794,noah.iqbal.0794@informationtechconsultants.co.uk,Noah,Iqbal,USER,DATA,ENDING_SOON,Atlas Retail,2026-03-11T00:37:09.185Z
795,noah.roberts.0795@informationtechconsultants.co.uk,Noah,Roberts,USER,DATA,ENDING_SOON,Redwood Energy,2024-07-26T13:06:15.105Z
796,noah.wright.0796@informationtechconsultants.co.uk,Noah,Wright,USER,DATA,ENDING_SOON,Horizon Health,2026-06-23T11:08:33.775Z
797,noah.cho.0797@informationtechconsultants.co.uk,Noah,Cho,USER,DATA,ENDING_SOON,BluePeak Telecom,2023-04-30T14:57:49.004Z
798,noah.parker.0798@informationtechconsultants.co.uk,Noah,Parker,USER,DATA,ENDING_SOON,Meridian Finance,2023-04-15T12:16:31.542Z
799,noah.taylor.0799@informationtechconsultants.co.uk,Noah,Taylor,USER,DATA,ENDING_SOON,Vertex Logistics,2023-01-22T12:09:31.452Z
800,noah.nelson.0800@informationtechconsultants.co.uk,Noah,Nelson,USER,DATA,ENDING_SOON,Cedar Insurance,2023-07-18T10:12:44.645Z
801,elena.rahman.0801@informationtechconsultants.co.uk,Elena,Rahman,USER,PYTHON,PLACED,Aurora Media,2024-09-21T17:11:21.495Z
802,elena.morgan.0802@informationtechconsultants.co.uk,Elena,Morgan,USER,PYTHON,PLACED,Ember Mobility,2024-11-17T05:19:33.169Z
803,elena.shah.0803@informationtechconsultants.co.uk,Elena,Shah,USER,PYTHON,PLACED,Summit Travel,2023-07-23T14:13:10.152Z
804,elena.green.0804@informationtechconsultants.co.uk,Elena,Green,USER,PYTHON,PLACED,Oakline Public Sector,2023-02-17T13:57:32.555Z
805,elena.patel.0805@informationtechconsultants.co.uk,Elena,Patel,USER,PYTHON,PLACED,Northstar Bank,2023-11-26T03:41:26.847Z
806,elena.reed.0806@informationtechconsultants.co.uk,Elena,Reed,USER,PYTHON,PLACED,Atlas Retail,2023-05-02T16:57:39.404Z
807,elena.hassan.0807@informationtechconsultants.co.uk,Elena,Hassan,USER,PYTHON,PLACED,Redwood Energy,2023-01-15T05:35:11.452Z
808,elena.brooks.0808@informationtechconsultants.co.uk,Elena,Brooks,USER,PYTHON,PLACED,Horizon Health,2024-08-30T10:46:58.600Z
809,elena.khan.0809@informationtechconsultants.co.uk,Elena,Khan,USER,PYTHON,PLACED,BluePeak Telecom,2025-12-24T08:03:06.771Z
810,elena.grant.0810@informationtechconsultants.co.uk,Elena,Grant,USER,PYTHON,PLACED,Meridian Finance,2024-02-20T13:24:10.729Z
811,elena.clarke.0811@informationtechconsultants.co.uk,Elena,Clarke,USER,PYTHON,PLACED,Vertex Logistics,2023-11-05T18:20:22.878Z
812,elena.turner.0812@informationtechconsultants.co.uk,Elena,Turner,USER,PYTHON,PLACED,Cedar Insurance,2023-06-21T04:41:19.720Z
813,elena.okafor.0813@informationtechconsultants.co.uk,Elena,Okafor,USER,PYTHON,PLACED,Aurora Media,2025-08-26T23:43:37.703Z
814,elena.walsh.0814@informationtechconsultants.co.uk,Elena,Walsh,USER,PYTHON,PLACED,Ember Mobility,2023-04-08T06:24:51.314Z
815,elena.mahmood.0815@informationtechconsultants.co.uk,Elena,Mahmood,USER,PYTHON,PLACED,Summit Travel,2025-07-15T15:07:56.159Z
816,elena.bennett.0816@informationtechconsultants.co.uk,Elena,Bennett,USER,PYTHON,PLACED,Oakline Public Sector,2024-06-11T00:26:58.230Z
817,elena.rossi.0817@informationtechconsultants.co.uk,Elena,Rossi,USER,PYTHON,PLACED,Northstar Bank,2023-02-05T21:51:45.095Z
818,elena.price.0818@informationtechconsultants.co.uk,Elena,Price,USER,PYTHON,PLACED,Atlas Retail,2026-05-14T14:22:49.154Z
819,elena.ali.0819@informationtechconsultants.co.uk,Elena,Ali,USER,PYTHON,PLACED,Redwood Energy,2026-04-15T11:52:53.665Z
820,elena.harris.0820@informationtechconsultants.co.uk,Elena,Harris,USER,PYTHON,PLACED,Horizon Health,2025-12-27T03:48:02.331Z
821,elena.martin.0821@informationtechconsultants.co.uk,Elena,Martin,USER,PYTHON,PLACED,BluePeak Telecom,2025-09-02T19:13:20.370Z
822,elena.ahmed.0822@informationtechconsultants.co.uk,Elena,Ahmed,USER,PYTHON,PLACED,Meridian Finance,2024-05-30T14:06:56.344Z
823,elena.cooper.0823@informationtechconsultants.co.uk,Elena,Cooper,USER,PYTHON,PLACED,Vertex Logistics,2026-01-18T14:13:51.672Z
824,elena.foster.0824@informationtechconsultants.co.uk,Elena,Foster,USER,PYTHON,PLACED,Cedar Insurance,2026-06-15T02:55:19.808Z
825,elena.nair.0825@informationtechconsultants.co.uk,Elena,Nair,USER,PYTHON,PLACED,Aurora Media,2023-10-15T02:27:41.836Z
826,elena.bailey.0826@informationtechconsultants.co.uk,Elena,Bailey,USER,PYTHON,PLACED,Ember Mobility,2025-04-15T17:58:36.219Z
827,elena.kim.0827@informationtechconsultants.co.uk,Elena,Kim,USER,PYTHON,PLACED,Summit Travel,2025-09-17T08:32:56.416Z
828,elena.ward.0828@informationtechconsultants.co.uk,Elena,Ward,USER,PYTHON,PLACED,Oakline Public Sector,2025-02-11T23:19:23.505Z
829,elena.malik.0829@informationtechconsultants.co.uk,Elena,Malik,USER,PYTHON,PLACED,Northstar Bank,2023-08-31T07:45:05.329Z
830,elena.carter.0830@informationtechconsultants.co.uk,Elena,Carter,USER,PYTHON,PLACED,Atlas Retail,2024-01-26T19:15:25.349Z
831,elena.santos.0831@informationtechconsultants.co.uk,Elena,Santos,USER,PYTHON,PLACED,Redwood Energy,2024-02-28T21:18:35.237Z
832,elena.cole.0832@informationtechconsultants.co.uk,Elena,Cole,USER,PYTHON,PLACED,Horizon Health,2024-04-17T17:51:56.972Z
833,elena.lewis.0833@informationtechconsultants.co.uk,Elena,Lewis,USER,PYTHON,PLACED,BluePeak Telecom,2025-01-30T14:45:33.608Z
834,elena.mills.0834@informationtechconsultants.co.uk,Elena,Mills,USER,PYTHON,PLACED,Meridian Finance,2023-03-15T23:59:14.571Z
835,elena.sen.0835@informationtechconsultants.co.uk,Elena,Sen,USER,PYTHON,PLACED,Vertex Logistics,2024-01-23T04:38:05.626Z
836,elena.bell.0836@informationtechconsultants.co.uk,Elena,Bell,USER,PYTHON,PLACED,Cedar Insurance,2025-06-23T05:54:03.873Z
837,elena.davis.0837@informationtechconsultants.co.uk,Elena,Davis,USER,PYTHON,PLACED,Aurora Media,2025-03-28T12:08:31.651Z
838,elena.evans.0838@informationtechconsultants.co.uk,Elena,Evans,USER,PYTHON,PLACED,Ember Mobility,2024-08-26T21:26:51.146Z
839,elena.williams.0839@informationtechconsultants.co.uk,Elena,Williams,USER,PYTHON,PLACED,Summit Travel,2024-08-13T13:59:36.573Z
840,elena.scott.0840@informationtechconsultants.co.uk,Elena,Scott,USER,PYTHON,PLACED,Oakline Public Sector,2026-02-03T08:07:51.500Z
841,elena.ibrahim.0841@informationtechconsultants.co.uk,Elena,Ibrahim,USER,PYTHON,PLACED,Northstar Bank,2024-11-17T18:31:53.064Z
842,elena.mitchell.0842@informationtechconsultants.co.uk,Elena,Mitchell,USER,PYTHON,PLACED,Atlas Retail,2026-04-01T17:33:20.835Z
843,elena.murphy.0843@informationtechconsultants.co.uk,Elena,Murphy,USER,ANDROID,PLACED,Redwood Energy,2023-02-15T13:38:11.046Z
844,elena.iqbal.0844@informationtechconsultants.co.uk,Elena,Iqbal,USER,ANDROID,PLACED,Horizon Health,2026-03-15T18:01:44.317Z
845,elena.roberts.0845@informationtechconsultants.co.uk,Elena,Roberts,USER,ANDROID,PLACED,BluePeak Telecom,2024-10-22T02:07:17.907Z
846,elena.wright.0846@informationtechconsultants.co.uk,Elena,Wright,USER,ANDROID,PLACED,Meridian Finance,2026-04-30T04:41:30.875Z
847,elena.cho.0847@informationtechconsultants.co.uk,Elena,Cho,USER,ANDROID,PLACED,Vertex Logistics,2024-09-23T03:44:07.207Z
848,elena.parker.0848@informationtechconsultants.co.uk,Elena,Parker,USER,ANDROID,PLACED,Cedar Insurance,2024-08-12T05:13:50.976Z
849,elena.taylor.0849@informationtechconsultants.co.uk,Elena,Taylor,USER,ANDROID,PLACED,Aurora Media,2024-07-23T05:23:40.348Z
850,elena.nelson.0850@informationtechconsultants.co.uk,Elena,Nelson,USER,ANDROID,PLACED,Ember Mobility,2025-07-08T15:26:09.859Z
851,samuel.rahman.0851@informationtechconsultants.co.uk,Samuel,Rahman,USER,ANDROID,PLACED,Summit Travel,2023-02-11T20:11:14.857Z
852,samuel.morgan.0852@informationtechconsultants.co.uk,Samuel,Morgan,USER,ANDROID,PLACED,Oakline Public Sector,2025-10-08T12:43:39.328Z
853,samuel.shah.0853@informationtechconsultants.co.uk,Samuel,Shah,USER,ANDROID,PLACED,Northstar Bank,2023-05-04T02:07:56.922Z
854,samuel.green.0854@informationtechconsultants.co.uk,Samuel,Green,USER,ANDROID,PLACED,Atlas Retail,2024-04-11T12:41:02.865Z
855,samuel.patel.0855@informationtechconsultants.co.uk,Samuel,Patel,USER,ANDROID,PLACED,Redwood Energy,2024-12-09T05:21:17.837Z
856,samuel.reed.0856@informationtechconsultants.co.uk,Samuel,Reed,USER,ANDROID,AVAILABLE,,2026-07-30T12:40:44.679Z
857,samuel.hassan.0857@informationtechconsultants.co.uk,Samuel,Hassan,USER,ANDROID,AVAILABLE,,2023-04-21T11:19:30.311Z
858,samuel.brooks.0858@informationtechconsultants.co.uk,Samuel,Brooks,USER,ANDROID,AVAILABLE,,2023-05-27T06:28:54.366Z
859,samuel.khan.0859@informationtechconsultants.co.uk,Samuel,Khan,USER,ANDROID,AVAILABLE,,2026-06-27T12:31:20.332Z
860,samuel.grant.0860@informationtechconsultants.co.uk,Samuel,Grant,USER,ANDROID,AVAILABLE,,2024-04-18T18:59:55.948Z
861,samuel.clarke.0861@informationtechconsultants.co.uk,Samuel,Clarke,USER,ANDROID,AVAILABLE,,2024-07-21T06:13:21.889Z
862,samuel.turner.0862@informationtechconsultants.co.uk,Samuel,Turner,USER,ANDROID,AVAILABLE,,2024-05-12T07:38:37.326Z
863,samuel.okafor.0863@informationtechconsultants.co.uk,Samuel,Okafor,USER,ANDROID,AVAILABLE,,2023-09-09T14:36:18.738Z
864,samuel.walsh.0864@informationtechconsultants.co.uk,Samuel,Walsh,USER,ANDROID,AVAILABLE,,2024-07-07T19:51:26.999Z
865,samuel.mahmood.0865@informationtechconsultants.co.uk,Samuel,Mahmood,USER,ANDROID,AVAILABLE,,2025-11-02T22:18:23.092Z
866,samuel.bennett.0866@informationtechconsultants.co.uk,Samuel,Bennett,USER,ANDROID,AVAILABLE,,2026-06-27T06:10:32.225Z
867,samuel.rossi.0867@informationtechconsultants.co.uk,Samuel,Rossi,USER,ANDROID,AVAILABLE,,2025-02-11T15:44:27.918Z
868,samuel.price.0868@informationtechconsultants.co.uk,Samuel,Price,USER,ANDROID,AVAILABLE,,2025-02-16T23:46:25.577Z
869,samuel.ali.0869@informationtechconsultants.co.uk,Samuel,Ali,USER,ANDROID,AVAILABLE,,2026-05-31T08:46:47.027Z
870,samuel.harris.0870@informationtechconsultants.co.uk,Samuel,Harris,USER,ANDROID,ENDING_SOON,Meridian Finance,2025-12-21T03:24:01.003Z
871,samuel.martin.0871@informationtechconsultants.co.uk,Samuel,Martin,USER,ANDROID,ENDING_SOON,Vertex Logistics,2025-07-14T05:58:32.847Z
872,samuel.ahmed.0872@informationtechconsultants.co.uk,Samuel,Ahmed,USER,ANDROID,ENDING_SOON,Cedar Insurance,2025-07-13T18:54:52.454Z
873,samuel.cooper.0873@informationtechconsultants.co.uk,Samuel,Cooper,USER,ANDROID,ENDING_SOON,Aurora Media,2023-02-05T23:31:39.217Z
874,samuel.foster.0874@informationtechconsultants.co.uk,Samuel,Foster,USER,ANDROID,ENDING_SOON,Ember Mobility,2026-06-10T21:25:08.010Z
875,samuel.nair.0875@informationtechconsultants.co.uk,Samuel,Nair,USER,ANDROID,ENDING_SOON,Summit Travel,2023-09-15T15:12:18.708Z
876,samuel.bailey.0876@informationtechconsultants.co.uk,Samuel,Bailey,USER,DATA,ENDING_SOON,Oakline Public Sector,2025-11-01T12:00:47.727Z
877,samuel.kim.0877@informationtechconsultants.co.uk,Samuel,Kim,USER,DATA,ENDING_SOON,Northstar Bank,2023-02-04T05:03:17.443Z
878,samuel.ward.0878@informationtechconsultants.co.uk,Samuel,Ward,USER,DATA,ENDING_SOON,Atlas Retail,2025-10-26T13:17:40.724Z
879,samuel.malik.0879@informationtechconsultants.co.uk,Samuel,Malik,USER,DATA,ENDING_SOON,Redwood Energy,2024-04-28T22:54:08.116Z
880,samuel.carter.0880@informationtechconsultants.co.uk,Samuel,Carter,USER,DATA,ENDING_SOON,Horizon Health,2023-11-29T02:21:54.905Z
881,samuel.santos.0881@informationtechconsultants.co.uk,Samuel,Santos,USER,DATA,PLACED,BluePeak Telecom,2026-01-14T04:40:21.362Z
882,samuel.cole.0882@informationtechconsultants.co.uk,Samuel,Cole,USER,DATA,PLACED,Meridian Finance,2024-04-03T00:48:59.150Z
883,samuel.lewis.0883@informationtechconsultants.co.uk,Samuel,Lewis,USER,DATA,PLACED,Vertex Logistics,2023-06-02T02:17:58.111Z
884,samuel.mills.0884@informationtechconsultants.co.uk,Samuel,Mills,USER,DATA,PLACED,Cedar Insurance,2024-01-14T02:11:29.339Z
885,samuel.sen.0885@informationtechconsultants.co.uk,Samuel,Sen,USER,DATA,PLACED,Aurora Media,2023-07-10T23:13:24.798Z
886,samuel.bell.0886@informationtechconsultants.co.uk,Samuel,Bell,USER,DATA,PLACED,Ember Mobility,2024-01-05T15:01:24.340Z
887,samuel.davis.0887@informationtechconsultants.co.uk,Samuel,Davis,USER,DATA,PLACED,Summit Travel,2026-06-20T10:42:06.541Z
888,samuel.evans.0888@informationtechconsultants.co.uk,Samuel,Evans,USER,DATA,PLACED,Oakline Public Sector,2023-10-03T23:16:52.131Z
889,samuel.williams.0889@informationtechconsultants.co.uk,Samuel,Williams,USER,DATA,PLACED,Northstar Bank,2025-03-06T18:47:24.725Z
890,samuel.scott.0890@informationtechconsultants.co.uk,Samuel,Scott,USER,DATA,PLACED,Atlas Retail,2024-09-07T11:54:01.229Z
891,samuel.ibrahim.0891@informationtechconsultants.co.uk,Samuel,Ibrahim,USER,DATA,PLACED,Redwood Energy,2026-01-17T18:34:44.218Z
892,samuel.mitchell.0892@informationtechconsultants.co.uk,Samuel,Mitchell,USER,DATA,PLACED,Horizon Health,2026-04-19T03:24:18.557Z
893,samuel.murphy.0893@informationtechconsultants.co.uk,Samuel,Murphy,USER,DATA,PLACED,BluePeak Telecom,2024-09-10T13:38:18.816Z
894,samuel.iqbal.0894@informationtechconsultants.co.uk,Samuel,Iqbal,USER,DATA,PLACED,Meridian Finance,2023-05-06T04:12:05.753Z
895,samuel.roberts.0895@informationtechconsultants.co.uk,Samuel,Roberts,USER,DATA,PLACED,Vertex Logistics,2024-03-17T02:52:33.258Z
896,samuel.wright.0896@informationtechconsultants.co.uk,Samuel,Wright,USER,DATA,PLACED,Cedar Insurance,2023-04-18T12:14:30.307Z
897,samuel.cho.0897@informationtechconsultants.co.uk,Samuel,Cho,USER,DATA,PLACED,Aurora Media,2025-09-09T10:49:47.600Z
898,samuel.parker.0898@informationtechconsultants.co.uk,Samuel,Parker,USER,DATA,PLACED,Ember Mobility,2026-07-13T10:32:14.944Z
899,samuel.taylor.0899@informationtechconsultants.co.uk,Samuel,Taylor,USER,DATA,PLACED,Summit Travel,2026-04-04T08:44:23.301Z
900,samuel.nelson.0900@informationtechconsultants.co.uk,Samuel,Nelson,USER,DATA,PLACED,Oakline Public Sector,2024-07-23T08:24:00.629Z
901,fatima.rahman.0901@informationtechconsultants.co.uk,Fatima,Rahman,USER,PYTHON,PLACED,Northstar Bank,2024-11-29T12:19:05.856Z
902,fatima.morgan.0902@informationtechconsultants.co.uk,Fatima,Morgan,USER,PYTHON,PLACED,Atlas Retail,2025-10-15T01:29:48.380Z
903,fatima.shah.0903@informationtechconsultants.co.uk,Fatima,Shah,USER,PYTHON,PLACED,Redwood Energy,2026-06-20T04:57:05.758Z
904,fatima.green.0904@informationtechconsultants.co.uk,Fatima,Green,USER,PYTHON,PLACED,Horizon Health,2024-03-06T00:45:41.541Z
905,fatima.patel.0905@informationtechconsultants.co.uk,Fatima,Patel,USER,PYTHON,PLACED,BluePeak Telecom,2023-05-16T22:30:28.375Z
906,fatima.reed.0906@informationtechconsultants.co.uk,Fatima,Reed,USER,PYTHON,PLACED,Meridian Finance,2026-03-01T11:11:25.455Z
907,fatima.hassan.0907@informationtechconsultants.co.uk,Fatima,Hassan,USER,PYTHON,PLACED,Vertex Logistics,2026-07-25T11:03:57.687Z
908,fatima.brooks.0908@informationtechconsultants.co.uk,Fatima,Brooks,USER,PYTHON,PLACED,Cedar Insurance,2023-10-06T03:12:55.724Z
909,fatima.khan.0909@informationtechconsultants.co.uk,Fatima,Khan,USER,PYTHON,PLACED,Aurora Media,2024-08-21T11:49:57.168Z
910,fatima.grant.0910@informationtechconsultants.co.uk,Fatima,Grant,USER,PYTHON,PLACED,Ember Mobility,2023-07-17T01:31:23.712Z
911,fatima.clarke.0911@informationtechconsultants.co.uk,Fatima,Clarke,USER,PYTHON,PLACED,Summit Travel,2025-12-13T07:48:52.634Z
912,fatima.turner.0912@informationtechconsultants.co.uk,Fatima,Turner,USER,PYTHON,PLACED,Oakline Public Sector,2023-02-01T14:32:27.465Z
913,fatima.okafor.0913@informationtechconsultants.co.uk,Fatima,Okafor,USER,PYTHON,PLACED,Northstar Bank,2023-10-29T18:56:05.845Z
914,fatima.walsh.0914@informationtechconsultants.co.uk,Fatima,Walsh,USER,PYTHON,PLACED,Atlas Retail,2025-04-07T17:03:38.070Z
915,fatima.mahmood.0915@informationtechconsultants.co.uk,Fatima,Mahmood,USER,PYTHON,PLACED,Redwood Energy,2025-09-17T18:42:01.420Z
916,fatima.bennett.0916@informationtechconsultants.co.uk,Fatima,Bennett,USER,PYTHON,PLACED,Horizon Health,2026-04-04T10:31:56.791Z
917,fatima.rossi.0917@informationtechconsultants.co.uk,Fatima,Rossi,USER,PYTHON,PLACED,BluePeak Telecom,2025-12-29T22:39:52.662Z
918,fatima.price.0918@informationtechconsultants.co.uk,Fatima,Price,USER,PYTHON,PLACED,Meridian Finance,2024-03-04T11:59:44.876Z
919,fatima.ali.0919@informationtechconsultants.co.uk,Fatima,Ali,USER,PYTHON,PLACED,Vertex Logistics,2025-12-29T15:56:47.952Z
920,fatima.harris.0920@informationtechconsultants.co.uk,Fatima,Harris,USER,PYTHON,PLACED,Cedar Insurance,2023-07-25T17:34:03.769Z
921,fatima.martin.0921@informationtechconsultants.co.uk,Fatima,Martin,USER,PYTHON,PLACED,Aurora Media,2023-02-27T07:47:45.938Z
922,fatima.ahmed.0922@informationtechconsultants.co.uk,Fatima,Ahmed,USER,PYTHON,PLACED,Ember Mobility,2025-01-17T14:43:20.174Z
923,fatima.cooper.0923@informationtechconsultants.co.uk,Fatima,Cooper,USER,PYTHON,PLACED,Summit Travel,2025-05-14T10:12:50.721Z
924,fatima.foster.0924@informationtechconsultants.co.uk,Fatima,Foster,USER,PYTHON,PLACED,Oakline Public Sector,2026-07-20T05:12:06.586Z
925,fatima.nair.0925@informationtechconsultants.co.uk,Fatima,Nair,USER,PYTHON,PLACED,Northstar Bank,2026-03-28T02:41:23.120Z
926,fatima.bailey.0926@informationtechconsultants.co.uk,Fatima,Bailey,USER,PYTHON,PLACED,Atlas Retail,2023-12-23T09:39:22.625Z
927,fatima.kim.0927@informationtechconsultants.co.uk,Fatima,Kim,USER,PYTHON,PLACED,Redwood Energy,2024-03-08T22:07:59.414Z
928,fatima.ward.0928@informationtechconsultants.co.uk,Fatima,Ward,USER,PYTHON,PLACED,Horizon Health,2024-09-12T09:19:39.294Z
929,fatima.malik.0929@informationtechconsultants.co.uk,Fatima,Malik,USER,PYTHON,PLACED,BluePeak Telecom,2024-03-14T21:06:24.787Z
930,fatima.carter.0930@informationtechconsultants.co.uk,Fatima,Carter,USER,PYTHON,PLACED,Meridian Finance,2023-11-09T12:08:07.115Z
931,fatima.santos.0931@informationtechconsultants.co.uk,Fatima,Santos,USER,PYTHON,PLACED,Vertex Logistics,2025-09-14T15:23:16.919Z
932,fatima.cole.0932@informationtechconsultants.co.uk,Fatima,Cole,USER,PYTHON,PLACED,Cedar Insurance,2024-11-17T00:17:27.807Z
933,fatima.lewis.0933@informationtechconsultants.co.uk,Fatima,Lewis,USER,PYTHON,PLACED,Aurora Media,2023-04-17T19:12:55.889Z
934,fatima.mills.0934@informationtechconsultants.co.uk,Fatima,Mills,USER,PYTHON,PLACED,Ember Mobility,2025-06-02T12:15:29.200Z
935,fatima.sen.0935@informationtechconsultants.co.uk,Fatima,Sen,USER,PYTHON,PLACED,Summit Travel,2023-01-27T21:22:24.071Z
936,fatima.bell.0936@informationtechconsultants.co.uk,Fatima,Bell,USER,PYTHON,AVAILABLE,,2023-02-01T12:15:06.919Z
937,fatima.davis.0937@informationtechconsultants.co.uk,Fatima,Davis,USER,PYTHON,AVAILABLE,,2024-12-19T07:04:27.794Z
938,fatima.evans.0938@informationtechconsultants.co.uk,Fatima,Evans,USER,PYTHON,AVAILABLE,,2026-05-12T08:07:24.452Z
939,fatima.williams.0939@informationtechconsultants.co.uk,Fatima,Williams,USER,PYTHON,AVAILABLE,,2026-03-30T14:34:49.818Z
940,fatima.scott.0940@informationtechconsultants.co.uk,Fatima,Scott,USER,PYTHON,AVAILABLE,,2025-08-04T22:12:54.539Z
941,fatima.ibrahim.0941@informationtechconsultants.co.uk,Fatima,Ibrahim,USER,PYTHON,AVAILABLE,,2024-03-26T00:17:06.260Z
942,fatima.mitchell.0942@informationtechconsultants.co.uk,Fatima,Mitchell,USER,PYTHON,AVAILABLE,,2024-05-20T17:09:50.404Z
943,fatima.murphy.0943@informationtechconsultants.co.uk,Fatima,Murphy,USER,ANDROID,AVAILABLE,,2024-01-28T00:17:24.736Z
944,fatima.iqbal.0944@informationtechconsultants.co.uk,Fatima,Iqbal,USER,ANDROID,AVAILABLE,,2025-11-14T04:13:04.354Z
945,fatima.roberts.0945@informationtechconsultants.co.uk,Fatima,Roberts,USER,ANDROID,AVAILABLE,,2025-10-14T05:05:06.413Z
946,fatima.wright.0946@informationtechconsultants.co.uk,Fatima,Wright,USER,ANDROID,AVAILABLE,,2025-08-21T05:59:01.685Z
947,fatima.cho.0947@informationtechconsultants.co.uk,Fatima,Cho,USER,ANDROID,AVAILABLE,,2025-01-18T09:33:54.006Z
948,fatima.parker.0948@informationtechconsultants.co.uk,Fatima,Parker,USER,ANDROID,AVAILABLE,,2024-02-24T09:37:27.757Z
949,fatima.taylor.0949@informationtechconsultants.co.uk,Fatima,Taylor,USER,ANDROID,AVAILABLE,,2026-06-11T23:17:18.258Z
950,fatima.nelson.0950@informationtechconsultants.co.uk,Fatima,Nelson,USER,ANDROID,ENDING_SOON,Atlas Retail,2023-11-08T08:55:46.173Z
951,luke.rahman.0951@informationtechconsultants.co.uk,Luke,Rahman,USER,ANDROID,ENDING_SOON,Redwood Energy,2023-12-16T12:55:08.702Z
952,luke.morgan.0952@informationtechconsultants.co.uk,Luke,Morgan,USER,ANDROID,ENDING_SOON,Horizon Health,2023-09-11T03:16:44.855Z
953,luke.shah.0953@informationtechconsultants.co.uk,Luke,Shah,USER,ANDROID,ENDING_SOON,BluePeak Telecom,2024-04-12T15:48:42.257Z
954,luke.green.0954@informationtechconsultants.co.uk,Luke,Green,USER,ANDROID,ENDING_SOON,Meridian Finance,2025-05-31T02:42:25.995Z
955,luke.patel.0955@informationtechconsultants.co.uk,Luke,Patel,USER,ANDROID,ENDING_SOON,Vertex Logistics,2026-01-08T11:24:38.036Z
956,luke.reed.0956@informationtechconsultants.co.uk,Luke,Reed,USER,ANDROID,ENDING_SOON,Cedar Insurance,2026-02-26T15:22:47.207Z
957,luke.hassan.0957@informationtechconsultants.co.uk,Luke,Hassan,USER,ANDROID,ENDING_SOON,Aurora Media,2023-02-24T04:44:08.891Z
958,luke.brooks.0958@informationtechconsultants.co.uk,Luke,Brooks,USER,ANDROID,ENDING_SOON,Ember Mobility,2025-01-08T10:08:33.867Z
959,luke.khan.0959@informationtechconsultants.co.uk,Luke,Khan,USER,ANDROID,ENDING_SOON,Summit Travel,2026-01-14T23:25:33.010Z
960,luke.grant.0960@informationtechconsultants.co.uk,Luke,Grant,USER,ANDROID,ENDING_SOON,Oakline Public Sector,2026-03-19T03:06:45.769Z
961,luke.clarke.0961@informationtechconsultants.co.uk,Luke,Clarke,USER,ANDROID,PLACED,Northstar Bank,2024-11-01T14:41:35.898Z
962,luke.turner.0962@informationtechconsultants.co.uk,Luke,Turner,USER,ANDROID,PLACED,Atlas Retail,2025-03-29T03:43:45.297Z
963,luke.okafor.0963@informationtechconsultants.co.uk,Luke,Okafor,USER,ANDROID,PLACED,Redwood Energy,2024-02-08T02:11:02.566Z
964,luke.walsh.0964@informationtechconsultants.co.uk,Luke,Walsh,USER,ANDROID,PLACED,Horizon Health,2024-10-17T08:10:37.719Z
965,luke.mahmood.0965@informationtechconsultants.co.uk,Luke,Mahmood,USER,ANDROID,PLACED,BluePeak Telecom,2024-08-24T23:15:21.167Z
966,luke.bennett.0966@informationtechconsultants.co.uk,Luke,Bennett,USER,ANDROID,PLACED,Meridian Finance,2025-02-12T07:55:43.273Z
967,luke.rossi.0967@informationtechconsultants.co.uk,Luke,Rossi,USER,ANDROID,PLACED,Vertex Logistics,2025-12-04T04:32:09.831Z
968,luke.price.0968@informationtechconsultants.co.uk,Luke,Price,USER,ANDROID,PLACED,Cedar Insurance,2023-07-21T08:00:41.717Z
969,luke.ali.0969@informationtechconsultants.co.uk,Luke,Ali,USER,ANDROID,PLACED,Aurora Media,2024-11-08T20:48:29.867Z
970,luke.harris.0970@informationtechconsultants.co.uk,Luke,Harris,USER,ANDROID,PLACED,Ember Mobility,2026-01-02T11:37:57.215Z
971,luke.martin.0971@informationtechconsultants.co.uk,Luke,Martin,USER,ANDROID,PLACED,Summit Travel,2024-04-27T02:18:25.953Z
972,luke.ahmed.0972@informationtechconsultants.co.uk,Luke,Ahmed,USER,ANDROID,PLACED,Oakline Public Sector,2024-07-20T07:17:39.633Z
973,luke.cooper.0973@informationtechconsultants.co.uk,Luke,Cooper,USER,ANDROID,PLACED,Northstar Bank,2023-04-09T01:02:27.749Z
974,luke.foster.0974@informationtechconsultants.co.uk,Luke,Foster,USER,ANDROID,PLACED,Atlas Retail,2024-12-26T05:41:59.458Z
975,luke.nair.0975@informationtechconsultants.co.uk,Luke,Nair,USER,ANDROID,PLACED,Redwood Energy,2025-08-09T11:08:57.156Z
976,luke.bailey.0976@informationtechconsultants.co.uk,Luke,Bailey,USER,DATA,PLACED,Horizon Health,2026-03-01T21:22:11.427Z
977,luke.kim.0977@informationtechconsultants.co.uk,Luke,Kim,USER,DATA,PLACED,BluePeak Telecom,2026-05-24T03:22:19.864Z
978,luke.ward.0978@informationtechconsultants.co.uk,Luke,Ward,USER,DATA,PLACED,Meridian Finance,2026-02-23T20:57:56.660Z
979,luke.malik.0979@informationtechconsultants.co.uk,Luke,Malik,USER,DATA,PLACED,Vertex Logistics,2026-06-05T12:35:28.752Z
980,luke.carter.0980@informationtechconsultants.co.uk,Luke,Carter,USER,DATA,PLACED,Cedar Insurance,2025-08-05T06:58:40.535Z
981,luke.santos.0981@informationtechconsultants.co.uk,Luke,Santos,USER,DATA,PLACED,Aurora Media,2024-06-04T17:43:02.896Z
982,luke.cole.0982@informationtechconsultants.co.uk,Luke,Cole,USER,DATA,PLACED,Ember Mobility,2024-07-12T23:52:17.149Z
983,luke.lewis.0983@informationtechconsultants.co.uk,Luke,Lewis,USER,DATA,PLACED,Summit Travel,2025-01-11T04:21:07.941Z
984,luke.mills.0984@informationtechconsultants.co.uk,Luke,Mills,USER,DATA,PLACED,Oakline Public Sector,2023-01-20T00:40:56.005Z
985,luke.sen.0985@informationtechconsultants.co.uk,Luke,Sen,USER,DATA,PLACED,Northstar Bank,2026-03-22T14:05:41.992Z
986,luke.bell.0986@informationtechconsultants.co.uk,Luke,Bell,USER,DATA,PLACED,Atlas Retail,2024-08-23T20:17:19.365Z
987,luke.davis.0987@informationtechconsultants.co.uk,Luke,Davis,USER,DATA,PLACED,Redwood Energy,2026-06-21T12:41:30.383Z
988,luke.evans.0988@informationtechconsultants.co.uk,Luke,Evans,USER,DATA,PLACED,Horizon Health,2025-12-18T22:46:15.106Z
989,luke.williams.0989@informationtechconsultants.co.uk,Luke,Williams,USER,DATA,PLACED,BluePeak Telecom,2024-01-10T08:21:20.816Z
990,luke.scott.0990@informationtechconsultants.co.uk,Luke,Scott,USER,DATA,PLACED,Meridian Finance,2023-02-07T18:48:43.712Z
991,luke.ibrahim.0991@informationtechconsultants.co.uk,Luke,Ibrahim,USER,DATA,PLACED,Vertex Logistics,2023-12-10T06:36:56.195Z
992,luke.mitchell.0992@informationtechconsultants.co.uk,Luke,Mitchell,USER,DATA,PLACED,Cedar Insurance,2026-02-06T18:08:39.536Z
993,luke.murphy.0993@informationtechconsultants.co.uk,Luke,Murphy,USER,DATA,PLACED,Aurora Media,2023-12-15T13:05:03.156Z
994,luke.iqbal.0994@informationtechconsultants.co.uk,Luke,Iqbal,USER,DATA,PLACED,Ember Mobility,2025-10-21T05:18:29.627Z
995,luke.roberts.0995@informationtechconsultants.co.uk,Luke,Roberts,USER,DATA,PLACED,Summit Travel,2024-04-11T02:11:43.740Z
996,luke.wright.0996@informationtechconsultants.co.uk,Luke,Wright,USER,DATA,PLACED,Oakline Public Sector,2023-10-13T11:47:43.035Z
997,luke.cho.0997@informationtechconsultants.co.uk,Luke,Cho,USER,DATA,PLACED,Northstar Bank,2025-04-07T04:43:03.477Z
998,luke.parker.0998@informationtechconsultants.co.uk,Luke,Parker,USER,DATA,PLACED,Atlas Retail,2025-08-03T01:44:02.272Z
999,luke.taylor.0999@informationtechconsultants.co.uk,Luke,Taylor,USER,DATA,PLACED,Redwood Energy,2024-07-18T19:23:44.051Z
1000,luke.nelson.1000@informationtechconsultants.co.uk,Luke,Nelson,USER,DATA,PLACED,Horizon Health,2023-07-26T23:44:55.501Z
1001,chloe.rahman.1001@informationtechconsultants.co.uk,Chloe,Rahman,USER,PYTHON,PLACED,BluePeak Telecom,2023-04-17T00:31:19.408Z
1002,chloe.morgan.1002@informationtechconsultants.co.uk,Chloe,Morgan,USER,PYTHON,PLACED,Meridian Finance,2026-01-30T12:56:00.993Z
1003,chloe.shah.1003@informationtechconsultants.co.uk,Chloe,Shah,USER,PYTHON,PLACED,Vertex Logistics,2025-02-24T16:40:59.382Z
1004,chloe.green.1004@informationtechconsultants.co.uk,Chloe,Green,USER,PYTHON,PLACED,Cedar Insurance,2025-01-04T01:56:43.121Z
1005,chloe.patel.1005@informationtechconsultants.co.uk,Chloe,Patel,USER,PYTHON,PLACED,Aurora Media,2023-08-02T10:36:24.044Z
1006,chloe.reed.1006@informationtechconsultants.co.uk,Chloe,Reed,USER,PYTHON,PLACED,Ember Mobility,2026-07-02T20:14:42.866Z
1007,chloe.hassan.1007@informationtechconsultants.co.uk,Chloe,Hassan,USER,PYTHON,PLACED,Summit Travel,2024-03-25T08:24:01.596Z
1008,chloe.brooks.1008@informationtechconsultants.co.uk,Chloe,Brooks,USER,PYTHON,PLACED,Oakline Public Sector,2024-01-27T10:02:36.934Z
1009,chloe.khan.1009@informationtechconsultants.co.uk,Chloe,Khan,USER,PYTHON,PLACED,Northstar Bank,2025-05-14T20:35:05.036Z
1010,chloe.grant.1010@informationtechconsultants.co.uk,Chloe,Grant,USER,PYTHON,PLACED,Atlas Retail,2023-07-19T17:44:16.844Z
1011,chloe.clarke.1011@informationtechconsultants.co.uk,Chloe,Clarke,USER,PYTHON,PLACED,Redwood Energy,2023-06-23T20:18:12.088Z
1012,chloe.turner.1012@informationtechconsultants.co.uk,Chloe,Turner,USER,PYTHON,PLACED,Horizon Health,2024-10-01T02:01:14.619Z
1013,chloe.okafor.1013@informationtechconsultants.co.uk,Chloe,Okafor,USER,PYTHON,PLACED,BluePeak Telecom,2026-07-15T18:53:25.722Z
1014,chloe.walsh.1014@informationtechconsultants.co.uk,Chloe,Walsh,USER,PYTHON,PLACED,Meridian Finance,2025-06-09T07:05:05.113Z
1015,chloe.mahmood.1015@informationtechconsultants.co.uk,Chloe,Mahmood,USER,PYTHON,PLACED,Vertex Logistics,2024-08-21T02:16:23.260Z
1016,chloe.bennett.1016@informationtechconsultants.co.uk,Chloe,Bennett,USER,PYTHON,AVAILABLE,,2024-01-23T12:32:11.607Z
1017,chloe.rossi.1017@informationtechconsultants.co.uk,Chloe,Rossi,USER,PYTHON,AVAILABLE,,2023-06-30T21:43:20.443Z
1018,chloe.price.1018@informationtechconsultants.co.uk,Chloe,Price,USER,PYTHON,AVAILABLE,,2023-07-18T22:25:46.813Z
1019,chloe.ali.1019@informationtechconsultants.co.uk,Chloe,Ali,USER,PYTHON,AVAILABLE,,2023-07-11T18:14:30.032Z
1020,chloe.harris.1020@informationtechconsultants.co.uk,Chloe,Harris,USER,PYTHON,AVAILABLE,,2025-06-14T22:08:50.655Z
1021,chloe.martin.1021@informationtechconsultants.co.uk,Chloe,Martin,USER,PYTHON,AVAILABLE,,2025-02-04T21:21:22.805Z
1022,chloe.ahmed.1022@informationtechconsultants.co.uk,Chloe,Ahmed,USER,PYTHON,AVAILABLE,,2025-11-01T20:17:36.035Z
1023,chloe.cooper.1023@informationtechconsultants.co.uk,Chloe,Cooper,USER,PYTHON,AVAILABLE,,2024-08-14T23:44:53.731Z
1024,chloe.foster.1024@informationtechconsultants.co.uk,Chloe,Foster,USER,PYTHON,AVAILABLE,,2024-08-31T18:07:49.797Z
1025,chloe.nair.1025@informationtechconsultants.co.uk,Chloe,Nair,USER,PYTHON,AVAILABLE,,2026-02-27T20:38:06.478Z
1026,chloe.bailey.1026@informationtechconsultants.co.uk,Chloe,Bailey,USER,PYTHON,AVAILABLE,,2025-07-14T06:44:15.566Z
1027,chloe.kim.1027@informationtechconsultants.co.uk,Chloe,Kim,USER,PYTHON,AVAILABLE,,2024-07-01T06:30:57.705Z
1028,chloe.ward.1028@informationtechconsultants.co.uk,Chloe,Ward,USER,PYTHON,AVAILABLE,,2024-09-26T03:40:51.461Z
1029,chloe.malik.1029@informationtechconsultants.co.uk,Chloe,Malik,USER,PYTHON,AVAILABLE,,2023-04-04T07:54:59.502Z
1030,chloe.carter.1030@informationtechconsultants.co.uk,Chloe,Carter,USER,PYTHON,ENDING_SOON,Ember Mobility,2024-07-18T22:04:26.848Z
1031,chloe.santos.1031@informationtechconsultants.co.uk,Chloe,Santos,USER,PYTHON,ENDING_SOON,Summit Travel,2024-04-26T21:34:54.926Z
1032,chloe.cole.1032@informationtechconsultants.co.uk,Chloe,Cole,USER,PYTHON,ENDING_SOON,Oakline Public Sector,2023-05-30T19:28:00.516Z
1033,chloe.lewis.1033@informationtechconsultants.co.uk,Chloe,Lewis,USER,PYTHON,ENDING_SOON,Northstar Bank,2025-11-27T15:57:21.336Z
1034,chloe.mills.1034@informationtechconsultants.co.uk,Chloe,Mills,USER,PYTHON,ENDING_SOON,Atlas Retail,2025-10-05T21:27:48.186Z
1035,chloe.sen.1035@informationtechconsultants.co.uk,Chloe,Sen,USER,PYTHON,ENDING_SOON,Redwood Energy,2024-05-16T12:38:13.148Z
1036,chloe.bell.1036@informationtechconsultants.co.uk,Chloe,Bell,USER,PYTHON,ENDING_SOON,Horizon Health,2023-10-23T13:31:09.299Z
1037,chloe.davis.1037@informationtechconsultants.co.uk,Chloe,Davis,USER,PYTHON,ENDING_SOON,BluePeak Telecom,2025-08-30T17:13:18.192Z
1038,chloe.evans.1038@informationtechconsultants.co.uk,Chloe,Evans,USER,PYTHON,ENDING_SOON,Meridian Finance,2026-01-02T04:31:00.009Z
1039,chloe.williams.1039@informationtechconsultants.co.uk,Chloe,Williams,USER,PYTHON,ENDING_SOON,Vertex Logistics,2024-04-26T15:30:07.270Z
1040,chloe.scott.1040@informationtechconsultants.co.uk,Chloe,Scott,USER,PYTHON,ENDING_SOON,Cedar Insurance,2026-01-04T05:47:40.260Z
1041,chloe.ibrahim.1041@informationtechconsultants.co.uk,Chloe,Ibrahim,USER,PYTHON,PLACED,Aurora Media,2023-11-12T12:34:50.971Z
1042,chloe.mitchell.1042@informationtechconsultants.co.uk,Chloe,Mitchell,USER,PYTHON,PLACED,Ember Mobility,2024-08-11T23:04:36.341Z
1043,chloe.murphy.1043@informationtechconsultants.co.uk,Chloe,Murphy,USER,ANDROID,PLACED,Summit Travel,2024-05-23T07:39:09.698Z
1044,chloe.iqbal.1044@informationtechconsultants.co.uk,Chloe,Iqbal,USER,ANDROID,PLACED,Oakline Public Sector,2025-06-11T11:28:43.574Z
1045,chloe.roberts.1045@informationtechconsultants.co.uk,Chloe,Roberts,USER,ANDROID,PLACED,Northstar Bank,2025-01-09T05:15:45.155Z
1046,chloe.wright.1046@informationtechconsultants.co.uk,Chloe,Wright,USER,ANDROID,PLACED,Atlas Retail,2025-11-08T05:23:15.948Z
1047,chloe.cho.1047@informationtechconsultants.co.uk,Chloe,Cho,USER,ANDROID,PLACED,Redwood Energy,2026-04-02T07:43:51.443Z
1048,chloe.parker.1048@informationtechconsultants.co.uk,Chloe,Parker,USER,ANDROID,PLACED,Horizon Health,2023-10-04T06:53:42.810Z
1049,chloe.taylor.1049@informationtechconsultants.co.uk,Chloe,Taylor,USER,ANDROID,PLACED,BluePeak Telecom,2023-04-25T13:14:44.885Z
1050,chloe.nelson.1050@informationtechconsultants.co.uk,Chloe,Nelson,USER,ANDROID,PLACED,Meridian Finance,2024-10-04T04:20:07.860Z
1051,yusuf.rahman.1051@informationtechconsultants.co.uk,Yusuf,Rahman,USER,ANDROID,PLACED,Vertex Logistics,2023-01-20T21:46:15.078Z
1052,yusuf.morgan.1052@informationtechconsultants.co.uk,Yusuf,Morgan,USER,ANDROID,PLACED,Cedar Insurance,2026-02-21T20:11:00.151Z
1053,yusuf.shah.1053@informationtechconsultants.co.uk,Yusuf,Shah,USER,ANDROID,PLACED,Aurora Media,2023-12-20T04:42:21.788Z
1054,yusuf.green.1054@informationtechconsultants.co.uk,Yusuf,Green,USER,ANDROID,PLACED,Ember Mobility,2024-12-19T12:07:52.322Z
1055,yusuf.patel.1055@informationtechconsultants.co.uk,Yusuf,Patel,USER,ANDROID,PLACED,Summit Travel,2026-02-09T07:39:02.537Z
1056,yusuf.reed.1056@informationtechconsultants.co.uk,Yusuf,Reed,USER,ANDROID,PLACED,Oakline Public Sector,2023-07-22T09:48:36.006Z
1057,yusuf.hassan.1057@informationtechconsultants.co.uk,Yusuf,Hassan,USER,ANDROID,PLACED,Northstar Bank,2026-03-16T23:24:02.822Z
1058,yusuf.brooks.1058@informationtechconsultants.co.uk,Yusuf,Brooks,USER,ANDROID,PLACED,Atlas Retail,2024-05-25T10:57:50.285Z
1059,yusuf.khan.1059@informationtechconsultants.co.uk,Yusuf,Khan,USER,ANDROID,PLACED,Redwood Energy,2023-10-26T03:24:41.795Z
1060,yusuf.grant.1060@informationtechconsultants.co.uk,Yusuf,Grant,USER,ANDROID,PLACED,Horizon Health,2024-01-28T14:32:43.100Z
1061,yusuf.clarke.1061@informationtechconsultants.co.uk,Yusuf,Clarke,USER,ANDROID,PLACED,BluePeak Telecom,2023-06-04T21:08:07.026Z
1062,yusuf.turner.1062@informationtechconsultants.co.uk,Yusuf,Turner,USER,ANDROID,PLACED,Meridian Finance,2023-11-25T10:19:09.326Z
1063,yusuf.okafor.1063@informationtechconsultants.co.uk,Yusuf,Okafor,USER,ANDROID,PLACED,Vertex Logistics,2025-05-09T04:14:29.501Z
1064,yusuf.walsh.1064@informationtechconsultants.co.uk,Yusuf,Walsh,USER,ANDROID,PLACED,Cedar Insurance,2023-05-28T01:07:18.116Z
1065,yusuf.mahmood.1065@informationtechconsultants.co.uk,Yusuf,Mahmood,USER,ANDROID,PLACED,Aurora Media,2025-07-27T12:32:31.407Z
1066,yusuf.bennett.1066@informationtechconsultants.co.uk,Yusuf,Bennett,USER,ANDROID,PLACED,Ember Mobility,2025-12-10T00:31:53.156Z
1067,yusuf.rossi.1067@informationtechconsultants.co.uk,Yusuf,Rossi,USER,ANDROID,PLACED,Summit Travel,2026-06-28T01:17:29.784Z
1068,yusuf.price.1068@informationtechconsultants.co.uk,Yusuf,Price,USER,ANDROID,PLACED,Oakline Public Sector,2026-03-26T06:08:19.339Z
1069,yusuf.ali.1069@informationtechconsultants.co.uk,Yusuf,Ali,USER,ANDROID,PLACED,Northstar Bank,2025-02-28T13:39:04.977Z
1070,yusuf.harris.1070@informationtechconsultants.co.uk,Yusuf,Harris,USER,ANDROID,PLACED,Atlas Retail,2023-02-28T07:16:41.158Z
1071,yusuf.martin.1071@informationtechconsultants.co.uk,Yusuf,Martin,USER,ANDROID,PLACED,Redwood Energy,2024-03-16T01:13:04.758Z
1072,yusuf.ahmed.1072@informationtechconsultants.co.uk,Yusuf,Ahmed,USER,ANDROID,PLACED,Horizon Health,2025-09-19T18:08:57.966Z
1073,yusuf.cooper.1073@informationtechconsultants.co.uk,Yusuf,Cooper,USER,ANDROID,PLACED,BluePeak Telecom,2025-08-29T23:31:37.758Z
1074,yusuf.foster.1074@informationtechconsultants.co.uk,Yusuf,Foster,USER,ANDROID,PLACED,Meridian Finance,2024-05-07T08:50:08.948Z
1075,yusuf.nair.1075@informationtechconsultants.co.uk,Yusuf,Nair,USER,ANDROID,PLACED,Vertex Logistics,2023-11-03T06:42:54.157Z
1076,yusuf.bailey.1076@informationtechconsultants.co.uk,Yusuf,Bailey,USER,DATA,PLACED,Cedar Insurance,2025-05-07T13:16:54.200Z
1077,yusuf.kim.1077@informationtechconsultants.co.uk,Yusuf,Kim,USER,DATA,PLACED,Aurora Media,2026-05-16T18:57:10.248Z
1078,yusuf.ward.1078@informationtechconsultants.co.uk,Yusuf,Ward,USER,DATA,PLACED,Ember Mobility,2023-10-21T23:11:02.763Z
1079,yusuf.malik.1079@informationtechconsultants.co.uk,Yusuf,Malik,USER,DATA,PLACED,Summit Travel,2024-09-17T22:08:15.820Z
1080,yusuf.carter.1080@informationtechconsultants.co.uk,Yusuf,Carter,USER,DATA,PLACED,Oakline Public Sector,2024-03-23T08:26:17.160Z
1081,yusuf.santos.1081@informationtechconsultants.co.uk,Yusuf,Santos,USER,DATA,PLACED,Northstar Bank,2026-07-03T22:08:27.429Z
1082,yusuf.cole.1082@informationtechconsultants.co.uk,Yusuf,Cole,USER,DATA,PLACED,Atlas Retail,2026-01-09T00:21:12.025Z
1083,yusuf.lewis.1083@informationtechconsultants.co.uk,Yusuf,Lewis,USER,DATA,PLACED,Redwood Energy,2024-09-06T07:38:41.924Z
1084,yusuf.mills.1084@informationtechconsultants.co.uk,Yusuf,Mills,USER,DATA,PLACED,Horizon Health,2025-02-05T21:47:53.021Z
1085,yusuf.sen.1085@informationtechconsultants.co.uk,Yusuf,Sen,USER,DATA,PLACED,BluePeak Telecom,2025-04-05T18:22:53.096Z
1086,yusuf.bell.1086@informationtechconsultants.co.uk,Yusuf,Bell,USER,DATA,PLACED,Meridian Finance,2024-11-08T09:44:07.051Z
1087,yusuf.davis.1087@informationtechconsultants.co.uk,Yusuf,Davis,USER,DATA,PLACED,Vertex Logistics,2025-03-18T01:00:56.551Z
1088,yusuf.evans.1088@informationtechconsultants.co.uk,Yusuf,Evans,USER,DATA,PLACED,Cedar Insurance,2025-11-07T18:24:31.097Z
1089,yusuf.williams.1089@informationtechconsultants.co.uk,Yusuf,Williams,USER,DATA,PLACED,Aurora Media,2023-04-21T07:50:19.442Z
1090,yusuf.scott.1090@informationtechconsultants.co.uk,Yusuf,Scott,USER,DATA,PLACED,Ember Mobility,2025-04-23T12:17:46.619Z
1091,yusuf.ibrahim.1091@informationtechconsultants.co.uk,Yusuf,Ibrahim,USER,DATA,PLACED,Summit Travel,2026-02-08T19:52:20.149Z
1092,yusuf.mitchell.1092@informationtechconsultants.co.uk,Yusuf,Mitchell,USER,DATA,PLACED,Oakline Public Sector,2023-08-25T19:46:32.820Z
1093,yusuf.murphy.1093@informationtechconsultants.co.uk,Yusuf,Murphy,USER,DATA,PLACED,Northstar Bank,2025-12-14T20:31:31.963Z
1094,yusuf.iqbal.1094@informationtechconsultants.co.uk,Yusuf,Iqbal,USER,DATA,PLACED,Atlas Retail,2024-03-28T21:39:39.573Z
1095,yusuf.roberts.1095@informationtechconsultants.co.uk,Yusuf,Roberts,USER,DATA,PLACED,Redwood Energy,2024-10-11T19:04:15.619Z
1096,yusuf.wright.1096@informationtechconsultants.co.uk,Yusuf,Wright,USER,DATA,AVAILABLE,,2025-04-25T21:00:54.038Z
1097,yusuf.cho.1097@informationtechconsultants.co.uk,Yusuf,Cho,USER,DATA,AVAILABLE,,2024-03-11T07:58:34.569Z
1098,yusuf.parker.1098@informationtechconsultants.co.uk,Yusuf,Parker,USER,DATA,AVAILABLE,,2026-04-21T16:02:51.681Z
1099,yusuf.taylor.1099@informationtechconsultants.co.uk,Yusuf,Taylor,USER,DATA,AVAILABLE,,2025-08-23T15:52:12.251Z
1100,yusuf.nelson.1100@informationtechconsultants.co.uk,Yusuf,Nelson,USER,DATA,AVAILABLE,,2025-10-10T23:10:15.457Z
1101,grace.rahman.1101@informationtechconsultants.co.uk,Grace,Rahman,USER,PYTHON,AVAILABLE,,2024-11-10T19:47:12.014Z
1102,grace.morgan.1102@informationtechconsultants.co.uk,Grace,Morgan,USER,PYTHON,AVAILABLE,,2024-03-17T03:50:46.259Z
1103,grace.shah.1103@informationtechconsultants.co.uk,Grace,Shah,USER,PYTHON,AVAILABLE,,2024-04-09T23:57:59.496Z
1104,grace.green.1104@informationtechconsultants.co.uk,Grace,Green,USER,PYTHON,AVAILABLE,,2025-04-04T06:42:10.743Z
1105,grace.patel.1105@informationtechconsultants.co.uk,Grace,Patel,USER,PYTHON,AVAILABLE,,2026-02-05T13:01:28.406Z
1106,grace.reed.1106@informationtechconsultants.co.uk,Grace,Reed,USER,PYTHON,AVAILABLE,,2023-01-11T11:55:39.486Z
1107,grace.hassan.1107@informationtechconsultants.co.uk,Grace,Hassan,USER,PYTHON,AVAILABLE,,2025-06-18T20:16:04.375Z
1108,grace.brooks.1108@informationtechconsultants.co.uk,Grace,Brooks,USER,PYTHON,AVAILABLE,,2023-07-20T11:48:11.567Z
1109,grace.khan.1109@informationtechconsultants.co.uk,Grace,Khan,USER,PYTHON,AVAILABLE,,2024-04-26T13:13:26.411Z
1110,grace.grant.1110@informationtechconsultants.co.uk,Grace,Grant,USER,PYTHON,ENDING_SOON,Meridian Finance,2025-06-22T21:39:07.739Z
1111,grace.clarke.1111@informationtechconsultants.co.uk,Grace,Clarke,USER,PYTHON,ENDING_SOON,Vertex Logistics,2024-01-20T11:36:11.309Z
1112,grace.turner.1112@informationtechconsultants.co.uk,Grace,Turner,USER,PYTHON,ENDING_SOON,Cedar Insurance,2023-09-09T21:15:27.820Z
1113,grace.okafor.1113@informationtechconsultants.co.uk,Grace,Okafor,USER,PYTHON,ENDING_SOON,Aurora Media,2024-04-05T11:36:13.491Z
1114,grace.walsh.1114@informationtechconsultants.co.uk,Grace,Walsh,USER,PYTHON,ENDING_SOON,Ember Mobility,2023-03-06T04:19:12.012Z
1115,grace.mahmood.1115@informationtechconsultants.co.uk,Grace,Mahmood,USER,PYTHON,ENDING_SOON,Summit Travel,2023-05-08T22:37:19.235Z
1116,grace.bennett.1116@informationtechconsultants.co.uk,Grace,Bennett,USER,PYTHON,ENDING_SOON,Oakline Public Sector,2024-10-04T18:27:48.565Z
1117,grace.rossi.1117@informationtechconsultants.co.uk,Grace,Rossi,USER,PYTHON,ENDING_SOON,Northstar Bank,2024-01-07T18:51:31.585Z
1118,grace.price.1118@informationtechconsultants.co.uk,Grace,Price,USER,PYTHON,ENDING_SOON,Atlas Retail,2025-07-15T22:28:55.646Z
1119,grace.ali.1119@informationtechconsultants.co.uk,Grace,Ali,USER,PYTHON,ENDING_SOON,Redwood Energy,2024-05-19T18:21:44.677Z
1120,grace.harris.1120@informationtechconsultants.co.uk,Grace,Harris,USER,PYTHON,ENDING_SOON,Horizon Health,2023-07-07T11:09:25.756Z
1121,grace.martin.1121@informationtechconsultants.co.uk,Grace,Martin,USER,PYTHON,PLACED,BluePeak Telecom,2026-07-22T14:27:50.306Z
1122,grace.ahmed.1122@informationtechconsultants.co.uk,Grace,Ahmed,USER,PYTHON,PLACED,Meridian Finance,2026-03-27T07:54:11.304Z
1123,grace.cooper.1123@informationtechconsultants.co.uk,Grace,Cooper,USER,PYTHON,PLACED,Vertex Logistics,2024-03-28T09:42:46.192Z
1124,grace.foster.1124@informationtechconsultants.co.uk,Grace,Foster,USER,PYTHON,PLACED,Cedar Insurance,2025-03-28T16:14:22.892Z
1125,grace.nair.1125@informationtechconsultants.co.uk,Grace,Nair,USER,PYTHON,PLACED,Aurora Media,2023-06-07T20:31:52.623Z
1126,grace.bailey.1126@informationtechconsultants.co.uk,Grace,Bailey,USER,PYTHON,PLACED,Ember Mobility,2023-03-03T18:29:04.551Z
1127,grace.kim.1127@informationtechconsultants.co.uk,Grace,Kim,USER,PYTHON,PLACED,Summit Travel,2024-09-29T12:06:35.209Z
1128,grace.ward.1128@informationtechconsultants.co.uk,Grace,Ward,USER,PYTHON,PLACED,Oakline Public Sector,2026-07-13T19:14:19.935Z
1129,grace.malik.1129@informationtechconsultants.co.uk,Grace,Malik,USER,PYTHON,PLACED,Northstar Bank,2023-07-09T22:21:24.773Z
1130,grace.carter.1130@informationtechconsultants.co.uk,Grace,Carter,USER,PYTHON,PLACED,Atlas Retail,2024-02-06T03:45:43.036Z
1131,grace.santos.1131@informationtechconsultants.co.uk,Grace,Santos,USER,PYTHON,PLACED,Redwood Energy,2023-01-01T21:37:25.848Z
1132,grace.cole.1132@informationtechconsultants.co.uk,Grace,Cole,USER,PYTHON,PLACED,Horizon Health,2023-06-28T17:44:05.302Z
1133,grace.lewis.1133@informationtechconsultants.co.uk,Grace,Lewis,USER,PYTHON,PLACED,BluePeak Telecom,2024-08-11T12:37:31.981Z
1134,grace.mills.1134@informationtechconsultants.co.uk,Grace,Mills,USER,PYTHON,PLACED,Meridian Finance,2025-06-11T15:33:01.658Z
1135,grace.sen.1135@informationtechconsultants.co.uk,Grace,Sen,USER,PYTHON,PLACED,Vertex Logistics,2025-06-05T22:35:06.458Z
1136,grace.bell.1136@informationtechconsultants.co.uk,Grace,Bell,USER,PYTHON,PLACED,Cedar Insurance,2023-05-29T06:09:45.698Z
1137,grace.davis.1137@informationtechconsultants.co.uk,Grace,Davis,USER,PYTHON,PLACED,Aurora Media,2024-09-20T20:56:42.787Z
1138,grace.evans.1138@informationtechconsultants.co.uk,Grace,Evans,USER,PYTHON,PLACED,Ember Mobility,2024-09-30T06:55:09.504Z
1139,grace.williams.1139@informationtechconsultants.co.uk,Grace,Williams,USER,PYTHON,PLACED,Summit Travel,2023-10-26T18:35:00.427Z
1140,grace.scott.1140@informationtechconsultants.co.uk,Grace,Scott,USER,PYTHON,PLACED,Oakline Public Sector,2023-05-21T11:16:56.848Z
1141,grace.ibrahim.1141@informationtechconsultants.co.uk,Grace,Ibrahim,USER,PYTHON,PLACED,Northstar Bank,2025-02-06T10:43:40.852Z
1142,grace.mitchell.1142@informationtechconsultants.co.uk,Grace,Mitchell,USER,PYTHON,PLACED,Atlas Retail,2025-10-09T08:53:50.478Z
1143,grace.murphy.1143@informationtechconsultants.co.uk,Grace,Murphy,USER,ANDROID,PLACED,Redwood Energy,2024-03-25T17:25:27.897Z
1144,grace.iqbal.1144@informationtechconsultants.co.uk,Grace,Iqbal,USER,ANDROID,PLACED,Horizon Health,2023-12-23T00:18:50.454Z
1145,grace.roberts.1145@informationtechconsultants.co.uk,Grace,Roberts,USER,ANDROID,PLACED,BluePeak Telecom,2024-12-10T14:55:20.197Z
1146,grace.wright.1146@informationtechconsultants.co.uk,Grace,Wright,USER,ANDROID,PLACED,Meridian Finance,2026-02-04T03:19:16.852Z
1147,grace.cho.1147@informationtechconsultants.co.uk,Grace,Cho,USER,ANDROID,PLACED,Vertex Logistics,2025-12-21T16:27:17.578Z
1148,grace.parker.1148@informationtechconsultants.co.uk,Grace,Parker,USER,ANDROID,PLACED,Cedar Insurance,2025-11-04T14:52:24.634Z
1149,grace.taylor.1149@informationtechconsultants.co.uk,Grace,Taylor,USER,ANDROID,PLACED,Aurora Media,2024-04-02T09:01:48.441Z
1150,grace.nelson.1150@informationtechconsultants.co.uk,Grace,Nelson,USER,ANDROID,PLACED,Ember Mobility,2023-12-11T09:17:16.631Z
1151,adam.rahman.1151@informationtechconsultants.co.uk,Adam,Rahman,USER,ANDROID,PLACED,Summit Travel,2025-02-19T14:41:16.730Z
1152,adam.morgan.1152@informationtechconsultants.co.uk,Adam,Morgan,USER,ANDROID,PLACED,Oakline Public Sector,2026-02-12T17:32:25.696Z
1153,adam.shah.1153@informationtechconsultants.co.uk,Adam,Shah,USER,ANDROID,PLACED,Northstar Bank,2025-03-25T15:47:34.829Z
1154,adam.green.1154@informationtechconsultants.co.uk,Adam,Green,USER,ANDROID,PLACED,Atlas Retail,2024-12-10T08:07:38.619Z
1155,adam.patel.1155@informationtechconsultants.co.uk,Adam,Patel,USER,ANDROID,PLACED,Redwood Energy,2024-03-04T19:03:02.524Z
1156,adam.reed.1156@informationtechconsultants.co.uk,Adam,Reed,USER,ANDROID,PLACED,Horizon Health,2025-08-05T20:46:25.083Z
1157,adam.hassan.1157@informationtechconsultants.co.uk,Adam,Hassan,USER,ANDROID,PLACED,BluePeak Telecom,2026-05-03T02:17:25.991Z
1158,adam.brooks.1158@informationtechconsultants.co.uk,Adam,Brooks,USER,ANDROID,PLACED,Meridian Finance,2024-04-25T16:39:22.739Z
1159,adam.khan.1159@informationtechconsultants.co.uk,Adam,Khan,USER,ANDROID,PLACED,Vertex Logistics,2024-11-13T15:42:12.123Z
1160,adam.grant.1160@informationtechconsultants.co.uk,Adam,Grant,USER,ANDROID,PLACED,Cedar Insurance,2026-06-29T03:54:58.686Z
1161,adam.clarke.1161@informationtechconsultants.co.uk,Adam,Clarke,USER,ANDROID,PLACED,Aurora Media,2023-07-16T13:35:21.329Z
1162,adam.turner.1162@informationtechconsultants.co.uk,Adam,Turner,USER,ANDROID,PLACED,Ember Mobility,2024-09-09T01:37:20.002Z
1163,adam.okafor.1163@informationtechconsultants.co.uk,Adam,Okafor,USER,ANDROID,PLACED,Summit Travel,2023-12-09T07:48:03.258Z
1164,adam.walsh.1164@informationtechconsultants.co.uk,Adam,Walsh,USER,ANDROID,PLACED,Oakline Public Sector,2024-05-21T23:24:10.149Z
1165,adam.mahmood.1165@informationtechconsultants.co.uk,Adam,Mahmood,USER,ANDROID,PLACED,Northstar Bank,2026-03-15T21:29:38.783Z
1166,adam.bennett.1166@informationtechconsultants.co.uk,Adam,Bennett,USER,ANDROID,PLACED,Atlas Retail,2026-04-19T11:51:21.433Z
1167,adam.rossi.1167@informationtechconsultants.co.uk,Adam,Rossi,USER,ANDROID,PLACED,Redwood Energy,2023-10-21T16:39:54.406Z
1168,adam.price.1168@informationtechconsultants.co.uk,Adam,Price,USER,ANDROID,PLACED,Horizon Health,2025-07-30T12:10:26.807Z
1169,adam.ali.1169@informationtechconsultants.co.uk,Adam,Ali,USER,ANDROID,PLACED,BluePeak Telecom,2023-01-09T18:58:59.327Z
1170,adam.harris.1170@informationtechconsultants.co.uk,Adam,Harris,USER,ANDROID,PLACED,Meridian Finance,2024-01-03T05:26:28.516Z
1171,adam.martin.1171@informationtechconsultants.co.uk,Adam,Martin,USER,ANDROID,PLACED,Vertex Logistics,2025-06-04T10:53:12.804Z
1172,adam.ahmed.1172@informationtechconsultants.co.uk,Adam,Ahmed,USER,ANDROID,PLACED,Cedar Insurance,2023-04-22T21:57:40.969Z
1173,adam.cooper.1173@informationtechconsultants.co.uk,Adam,Cooper,USER,ANDROID,PLACED,Aurora Media,2024-11-27T14:18:57.487Z
1174,adam.foster.1174@informationtechconsultants.co.uk,Adam,Foster,USER,ANDROID,PLACED,Ember Mobility,2026-05-11T21:57:50.333Z
1175,adam.nair.1175@informationtechconsultants.co.uk,Adam,Nair,USER,ANDROID,PLACED,Summit Travel,2025-03-01T04:37:58.081Z
1176,adam.bailey.1176@informationtechconsultants.co.uk,Adam,Bailey,USER,DATA,AVAILABLE,,2024-09-07T08:51:22.134Z
1177,adam.kim.1177@informationtechconsultants.co.uk,Adam,Kim,USER,DATA,AVAILABLE,,2024-08-22T14:47:43.006Z
1178,adam.ward.1178@informationtechconsultants.co.uk,Adam,Ward,USER,DATA,AVAILABLE,,2024-05-30T10:35:04.383Z
1179,adam.malik.1179@informationtechconsultants.co.uk,Adam,Malik,USER,DATA,AVAILABLE,,2024-03-06T18:21:03.350Z
1180,adam.carter.1180@informationtechconsultants.co.uk,Adam,Carter,USER,DATA,AVAILABLE,,2023-10-22T07:45:45.508Z
1181,adam.santos.1181@informationtechconsultants.co.uk,Adam,Santos,USER,DATA,AVAILABLE,,2024-02-26T12:46:47.560Z
1182,adam.cole.1182@informationtechconsultants.co.uk,Adam,Cole,USER,DATA,AVAILABLE,,2023-06-03T09:15:02.151Z
1183,adam.lewis.1183@informationtechconsultants.co.uk,Adam,Lewis,USER,DATA,AVAILABLE,,2024-06-16T14:16:24.272Z
1184,adam.mills.1184@informationtechconsultants.co.uk,Adam,Mills,USER,DATA,AVAILABLE,,2026-04-27T05:43:05.828Z
1185,adam.sen.1185@informationtechconsultants.co.uk,Adam,Sen,USER,DATA,AVAILABLE,,2024-07-07T18:13:05.640Z
1186,adam.bell.1186@informationtechconsultants.co.uk,Adam,Bell,USER,DATA,AVAILABLE,,2024-01-30T06:49:40.465Z
1187,adam.davis.1187@informationtechconsultants.co.uk,Adam,Davis,USER,DATA,AVAILABLE,,2023-11-20T08:17:56.751Z
1188,adam.evans.1188@informationtechconsultants.co.uk,Adam,Evans,USER,DATA,AVAILABLE,,2025-10-01T01:44:45.913Z
1189,adam.williams.1189@informationtechconsultants.co.uk,Adam,Williams,USER,DATA,AVAILABLE,,2024-02-08T06:28:07.579Z
1190,adam.scott.1190@informationtechconsultants.co.uk,Adam,Scott,USER,DATA,ENDING_SOON,Atlas Retail,2023-10-16T16:02:01.418Z
1191,adam.ibrahim.1191@informationtechconsultants.co.uk,Adam,Ibrahim,USER,DATA,ENDING_SOON,Redwood Energy,2025-06-17T02:50:52.853Z
1192,adam.mitchell.1192@informationtechconsultants.co.uk,Adam,Mitchell,USER,DATA,ENDING_SOON,Horizon Health,2025-06-13T03:48:54.566Z
1193,adam.murphy.1193@informationtechconsultants.co.uk,Adam,Murphy,USER,DATA,ENDING_SOON,BluePeak Telecom,2025-04-26T23:02:27.569Z
1194,adam.iqbal.1194@informationtechconsultants.co.uk,Adam,Iqbal,USER,DATA,ENDING_SOON,Meridian Finance,2024-05-24T22:51:35.779Z
1195,adam.roberts.1195@informationtechconsultants.co.uk,Adam,Roberts,USER,DATA,ENDING_SOON,Vertex Logistics,2026-03-20T03:26:24.036Z
1196,adam.wright.1196@informationtechconsultants.co.uk,Adam,Wright,USER,DATA,ENDING_SOON,Cedar Insurance,2024-04-18T02:23:04.209Z
1197,adam.cho.1197@informationtechconsultants.co.uk,Adam,Cho,USER,DATA,ENDING_SOON,Aurora Media,2023-03-23T13:33:57.687Z
1198,adam.parker.1198@informationtechconsultants.co.uk,Adam,Parker,USER,DATA,ENDING_SOON,Ember Mobility,2024-05-12T01:02:03.471Z
1199,adam.taylor.1199@informationtechconsultants.co.uk,Adam,Taylor,USER,DATA,ENDING_SOON,Summit Travel,2026-03-30T15:02:14.693Z
1200,adam.nelson.1200@informationtechconsultants.co.uk,Adam,Nelson,USER,DATA,ENDING_SOON,Oakline Public Sector,2025-11-26T01:53:20.590Z
1201,meera.rahman.1201@informationtechconsultants.co.uk,Meera,Rahman,USER,PYTHON,PLACED,Northstar Bank,2025-01-10T23:38:17.996Z
1202,meera.morgan.1202@informationtechconsultants.co.uk,Meera,Morgan,USER,PYTHON,PLACED,Atlas Retail,2024-02-02T21:45:48.859Z
1203,meera.shah.1203@informationtechconsultants.co.uk,Meera,Shah,USER,PYTHON,PLACED,Redwood Energy,2024-12-30T18:16:28.842Z
1204,meera.green.1204@informationtechconsultants.co.uk,Meera,Green,USER,PYTHON,PLACED,Horizon Health,2025-05-03T03:48:14.934Z
1205,meera.patel.1205@informationtechconsultants.co.uk,Meera,Patel,USER,PYTHON,PLACED,BluePeak Telecom,2024-03-22T01:34:15.710Z
1206,meera.reed.1206@informationtechconsultants.co.uk,Meera,Reed,USER,PYTHON,PLACED,Meridian Finance,2025-07-12T17:41:24.719Z
1207,meera.hassan.1207@informationtechconsultants.co.uk,Meera,Hassan,USER,PYTHON,PLACED,Vertex Logistics,2023-06-03T14:28:07.110Z
1208,meera.brooks.1208@informationtechconsultants.co.uk,Meera,Brooks,USER,PYTHON,PLACED,Cedar Insurance,2025-06-05T12:18:52.463Z
1209,meera.khan.1209@informationtechconsultants.co.uk,Meera,Khan,USER,PYTHON,PLACED,Aurora Media,2023-06-07T03:43:37.643Z
1210,meera.grant.1210@informationtechconsultants.co.uk,Meera,Grant,USER,PYTHON,PLACED,Ember Mobility,2023-08-05T14:03:16.213Z
1211,meera.clarke.1211@informationtechconsultants.co.uk,Meera,Clarke,USER,PYTHON,PLACED,Summit Travel,2023-08-13T10:06:07.316Z
1212,meera.turner.1212@informationtechconsultants.co.uk,Meera,Turner,USER,PYTHON,PLACED,Oakline Public Sector,2026-03-23T18:36:23.007Z
1213,meera.okafor.1213@informationtechconsultants.co.uk,Meera,Okafor,USER,PYTHON,PLACED,Northstar Bank,2024-07-28T14:55:09.775Z
1214,meera.walsh.1214@informationtechconsultants.co.uk,Meera,Walsh,USER,PYTHON,PLACED,Atlas Retail,2025-10-03T12:12:02.256Z
1215,meera.mahmood.1215@informationtechconsultants.co.uk,Meera,Mahmood,USER,PYTHON,PLACED,Redwood Energy,2025-05-09T01:22:17.836Z
1216,meera.bennett.1216@informationtechconsultants.co.uk,Meera,Bennett,USER,PYTHON,PLACED,Horizon Health,2023-12-26T15:33:45.492Z
1217,meera.rossi.1217@informationtechconsultants.co.uk,Meera,Rossi,USER,PYTHON,PLACED,BluePeak Telecom,2024-04-12T00:54:14.948Z
1218,meera.price.1218@informationtechconsultants.co.uk,Meera,Price,USER,PYTHON,PLACED,Meridian Finance,2024-09-05T18:31:30.431Z
1219,meera.ali.1219@informationtechconsultants.co.uk,Meera,Ali,USER,PYTHON,PLACED,Vertex Logistics,2024-03-20T12:40:34.996Z
1220,meera.harris.1220@informationtechconsultants.co.uk,Meera,Harris,USER,PYTHON,PLACED,Cedar Insurance,2024-08-20T03:15:59.114Z
1221,meera.martin.1221@informationtechconsultants.co.uk,Meera,Martin,USER,PYTHON,PLACED,Aurora Media,2026-03-05T21:36:14.608Z
1222,meera.ahmed.1222@informationtechconsultants.co.uk,Meera,Ahmed,USER,PYTHON,PLACED,Ember Mobility,2024-08-18T09:32:39.399Z
1223,meera.cooper.1223@informationtechconsultants.co.uk,Meera,Cooper,USER,PYTHON,PLACED,Summit Travel,2023-10-19T21:42:39.441Z
1224,meera.foster.1224@informationtechconsultants.co.uk,Meera,Foster,USER,PYTHON,PLACED,Oakline Public Sector,2024-11-18T06:51:34.162Z
1225,meera.nair.1225@informationtechconsultants.co.uk,Meera,Nair,USER,PYTHON,PLACED,Northstar Bank,2024-02-01T13:43:43.130Z
1226,meera.bailey.1226@informationtechconsultants.co.uk,Meera,Bailey,USER,PYTHON,PLACED,Atlas Retail,2023-07-02T21:03:23.910Z
1227,meera.kim.1227@informationtechconsultants.co.uk,Meera,Kim,USER,PYTHON,PLACED,Redwood Energy,2024-06-10T07:03:51.079Z
1228,meera.ward.1228@informationtechconsultants.co.uk,Meera,Ward,USER,PYTHON,PLACED,Horizon Health,2025-11-07T11:06:30.955Z
1229,meera.malik.1229@informationtechconsultants.co.uk,Meera,Malik,USER,PYTHON,PLACED,BluePeak Telecom,2024-07-29T16:18:24.306Z
1230,meera.carter.1230@informationtechconsultants.co.uk,Meera,Carter,USER,PYTHON,PLACED,Meridian Finance,2026-05-18T17:14:03.174Z
1231,meera.santos.1231@informationtechconsultants.co.uk,Meera,Santos,USER,PYTHON,PLACED,Vertex Logistics,2024-11-12T16:04:59.635Z
1232,meera.cole.1232@informationtechconsultants.co.uk,Meera,Cole,USER,PYTHON,PLACED,Cedar Insurance,2023-04-29T11:34:00.824Z
1233,meera.lewis.1233@informationtechconsultants.co.uk,Meera,Lewis,USER,PYTHON,PLACED,Aurora Media,2025-01-23T01:37:18.636Z
1234,meera.mills.1234@informationtechconsultants.co.uk,Meera,Mills,USER,PYTHON,PLACED,Ember Mobility,2025-01-09T01:51:45.765Z
1235,meera.sen.1235@informationtechconsultants.co.uk,Meera,Sen,USER,PYTHON,PLACED,Summit Travel,2023-10-12T17:04:48.808Z
1236,meera.bell.1236@informationtechconsultants.co.uk,Meera,Bell,USER,PYTHON,PLACED,Oakline Public Sector,2023-10-12T08:53:35.757Z
1237,meera.davis.1237@informationtechconsultants.co.uk,Meera,Davis,USER,PYTHON,PLACED,Northstar Bank,2023-12-17T18:27:29.677Z
1238,meera.evans.1238@informationtechconsultants.co.uk,Meera,Evans,USER,PYTHON,PLACED,Atlas Retail,2026-03-24T08:31:33.615Z
1239,meera.williams.1239@informationtechconsultants.co.uk,Meera,Williams,USER,PYTHON,PLACED,Redwood Energy,2026-05-17T19:04:21.391Z
1240,meera.scott.1240@informationtechconsultants.co.uk,Meera,Scott,USER,PYTHON,PLACED,Horizon Health,2023-09-28T16:18:17.663Z
1241,meera.ibrahim.1241@informationtechconsultants.co.uk,Meera,Ibrahim,USER,PYTHON,PLACED,BluePeak Telecom,2023-12-22T00:40:54.859Z
1242,meera.mitchell.1242@informationtechconsultants.co.uk,Meera,Mitchell,USER,PYTHON,PLACED,Meridian Finance,2025-05-14T21:27:26.922Z
1243,meera.murphy.1243@informationtechconsultants.co.uk,Meera,Murphy,USER,ANDROID,PLACED,Vertex Logistics,2024-10-16T09:17:58.516Z
1244,meera.iqbal.1244@informationtechconsultants.co.uk,Meera,Iqbal,USER,ANDROID,PLACED,Cedar Insurance,2025-06-27T23:28:14.965Z
1245,meera.roberts.1245@informationtechconsultants.co.uk,Meera,Roberts,USER,ANDROID,PLACED,Aurora Media,2026-05-26T23:29:06.936Z
1246,meera.wright.1246@informationtechconsultants.co.uk,Meera,Wright,USER,ANDROID,PLACED,Ember Mobility,2024-04-03T10:56:27.604Z
1247,meera.cho.1247@informationtechconsultants.co.uk,Meera,Cho,USER,ANDROID,PLACED,Summit Travel,2024-12-14T19:59:37.147Z
1248,meera.parker.1248@informationtechconsultants.co.uk,Meera,Parker,USER,ANDROID,PLACED,Oakline Public Sector,2023-09-19T22:01:40.786Z
1249,meera.taylor.1249@informationtechconsultants.co.uk,Meera,Taylor,USER,ANDROID,PLACED,Northstar Bank,2026-03-02T15:59:29.057Z
1250,meera.nelson.1250@informationtechconsultants.co.uk,Meera,Nelson,USER,ANDROID,PLACED,Atlas Retail,2023-03-17T10:23:32.442Z
1251,thomas.rahman.1251@informationtechconsultants.co.uk,Thomas,Rahman,USER,ANDROID,PLACED,Redwood Energy,2025-02-16T14:50:00.814Z
1252,thomas.morgan.1252@informationtechconsultants.co.uk,Thomas,Morgan,USER,ANDROID,PLACED,Horizon Health,2023-06-22T07:08:10.645Z
1253,thomas.shah.1253@informationtechconsultants.co.uk,Thomas,Shah,USER,ANDROID,PLACED,BluePeak Telecom,2026-07-12T13:19:46.617Z
1254,thomas.green.1254@informationtechconsultants.co.uk,Thomas,Green,USER,ANDROID,PLACED,Meridian Finance,2024-06-08T23:56:56.272Z
1255,thomas.patel.1255@informationtechconsultants.co.uk,Thomas,Patel,USER,ANDROID,PLACED,Vertex Logistics,2026-02-23T14:49:42.227Z
1256,thomas.reed.1256@informationtechconsultants.co.uk,Thomas,Reed,USER,ANDROID,AVAILABLE,,2023-04-09T02:07:37.695Z
1257,thomas.hassan.1257@informationtechconsultants.co.uk,Thomas,Hassan,USER,ANDROID,AVAILABLE,,2023-02-19T08:55:17.845Z
1258,thomas.brooks.1258@informationtechconsultants.co.uk,Thomas,Brooks,USER,ANDROID,AVAILABLE,,2026-05-31T17:17:00.846Z
1259,thomas.khan.1259@informationtechconsultants.co.uk,Thomas,Khan,USER,ANDROID,AVAILABLE,,2023-10-19T07:39:04.806Z
1260,thomas.grant.1260@informationtechconsultants.co.uk,Thomas,Grant,USER,ANDROID,AVAILABLE,,2023-02-18T12:34:42.631Z
1261,thomas.clarke.1261@informationtechconsultants.co.uk,Thomas,Clarke,USER,ANDROID,AVAILABLE,,2026-04-28T09:06:18.502Z
1262,thomas.turner.1262@informationtechconsultants.co.uk,Thomas,Turner,USER,ANDROID,AVAILABLE,,2023-07-19T12:12:50.963Z
1263,thomas.okafor.1263@informationtechconsultants.co.uk,Thomas,Okafor,USER,ANDROID,AVAILABLE,,2023-04-27T03:31:09.548Z
1264,thomas.walsh.1264@informationtechconsultants.co.uk,Thomas,Walsh,USER,ANDROID,AVAILABLE,,2024-05-25T21:23:42.502Z
1265,thomas.mahmood.1265@informationtechconsultants.co.uk,Thomas,Mahmood,USER,ANDROID,AVAILABLE,,2024-09-30T10:41:46.801Z
1266,thomas.bennett.1266@informationtechconsultants.co.uk,Thomas,Bennett,USER,ANDROID,AVAILABLE,,2024-11-16T16:35:21.071Z
1267,thomas.rossi.1267@informationtechconsultants.co.uk,Thomas,Rossi,USER,ANDROID,AVAILABLE,,2023-03-24T20:53:40.529Z
1268,thomas.price.1268@informationtechconsultants.co.uk,Thomas,Price,USER,ANDROID,AVAILABLE,,2026-06-05T21:30:53.496Z
1269,thomas.ali.1269@informationtechconsultants.co.uk,Thomas,Ali,USER,ANDROID,AVAILABLE,,2023-01-04T15:26:10.898Z
1270,thomas.harris.1270@informationtechconsultants.co.uk,Thomas,Harris,USER,ANDROID,ENDING_SOON,Ember Mobility,2025-09-22T11:30:20.324Z
1271,thomas.martin.1271@informationtechconsultants.co.uk,Thomas,Martin,USER,ANDROID,ENDING_SOON,Summit Travel,2024-11-06T22:41:08.509Z
1272,thomas.ahmed.1272@informationtechconsultants.co.uk,Thomas,Ahmed,USER,ANDROID,ENDING_SOON,Oakline Public Sector,2023-02-13T02:36:21.179Z
1273,thomas.cooper.1273@informationtechconsultants.co.uk,Thomas,Cooper,USER,ANDROID,ENDING_SOON,Northstar Bank,2025-08-08T22:57:49.107Z
1274,thomas.foster.1274@informationtechconsultants.co.uk,Thomas,Foster,USER,ANDROID,ENDING_SOON,Atlas Retail,2023-04-10T05:01:58.018Z
1275,thomas.nair.1275@informationtechconsultants.co.uk,Thomas,Nair,USER,ANDROID,ENDING_SOON,Redwood Energy,2025-06-14T02:07:48.664Z
1276,thomas.bailey.1276@informationtechconsultants.co.uk,Thomas,Bailey,USER,DATA,ENDING_SOON,Horizon Health,2025-01-20T07:29:32.529Z
1277,thomas.kim.1277@informationtechconsultants.co.uk,Thomas,Kim,USER,DATA,ENDING_SOON,BluePeak Telecom,2023-05-13T15:29:33.425Z
1278,thomas.ward.1278@informationtechconsultants.co.uk,Thomas,Ward,USER,DATA,ENDING_SOON,Meridian Finance,2024-08-27T05:50:43.500Z
1279,thomas.malik.1279@informationtechconsultants.co.uk,Thomas,Malik,USER,DATA,ENDING_SOON,Vertex Logistics,2023-10-13T20:40:00.176Z
1280,thomas.carter.1280@informationtechconsultants.co.uk,Thomas,Carter,USER,DATA,ENDING_SOON,Cedar Insurance,2023-02-23T11:05:41.688Z
1281,thomas.santos.1281@informationtechconsultants.co.uk,Thomas,Santos,USER,DATA,PLACED,Aurora Media,2026-07-08T08:44:12.917Z
1282,thomas.cole.1282@informationtechconsultants.co.uk,Thomas,Cole,USER,DATA,PLACED,Ember Mobility,2025-05-27T18:23:50.686Z
1283,thomas.lewis.1283@informationtechconsultants.co.uk,Thomas,Lewis,USER,DATA,PLACED,Summit Travel,2026-03-11T15:41:33.757Z
1284,thomas.mills.1284@informationtechconsultants.co.uk,Thomas,Mills,USER,DATA,PLACED,Oakline Public Sector,2023-12-16T23:24:50.708Z
1285,thomas.sen.1285@informationtechconsultants.co.uk,Thomas,Sen,USER,DATA,PLACED,Northstar Bank,2024-01-24T00:54:17.859Z
1286,thomas.bell.1286@informationtechconsultants.co.uk,Thomas,Bell,USER,DATA,PLACED,Atlas Retail,2024-08-15T20:41:36.625Z
1287,thomas.davis.1287@informationtechconsultants.co.uk,Thomas,Davis,USER,DATA,PLACED,Redwood Energy,2023-05-06T17:29:01.990Z
1288,thomas.evans.1288@informationtechconsultants.co.uk,Thomas,Evans,USER,DATA,PLACED,Horizon Health,2025-08-27T20:09:19.742Z
1289,thomas.williams.1289@informationtechconsultants.co.uk,Thomas,Williams,USER,DATA,PLACED,BluePeak Telecom,2024-01-18T03:39:32.347Z
1290,thomas.scott.1290@informationtechconsultants.co.uk,Thomas,Scott,USER,DATA,PLACED,Meridian Finance,2023-03-31T06:09:41.429Z
1291,thomas.ibrahim.1291@informationtechconsultants.co.uk,Thomas,Ibrahim,USER,DATA,PLACED,Vertex Logistics,2024-02-15T17:07:30.980Z
1292,thomas.mitchell.1292@informationtechconsultants.co.uk,Thomas,Mitchell,USER,DATA,PLACED,Cedar Insurance,2025-11-08T06:53:53.178Z
1293,thomas.murphy.1293@informationtechconsultants.co.uk,Thomas,Murphy,USER,DATA,PLACED,Aurora Media,2023-11-01T21:28:41.642Z
1294,thomas.iqbal.1294@informationtechconsultants.co.uk,Thomas,Iqbal,USER,DATA,PLACED,Ember Mobility,2024-08-24T21:09:35.381Z
1295,thomas.roberts.1295@informationtechconsultants.co.uk,Thomas,Roberts,USER,DATA,PLACED,Summit Travel,2024-12-05T11:08:34.668Z
1296,thomas.wright.1296@informationtechconsultants.co.uk,Thomas,Wright,USER,DATA,PLACED,Oakline Public Sector,2023-11-30T12:43:32.394Z
1297,thomas.cho.1297@informationtechconsultants.co.uk,Thomas,Cho,USER,DATA,PLACED,Northstar Bank,2023-10-06T02:37:21.130Z
1298,thomas.parker.1298@informationtechconsultants.co.uk,Thomas,Parker,USER,DATA,PLACED,Atlas Retail,2024-03-25T17:30:05.922Z
1299,thomas.taylor.1299@informationtechconsultants.co.uk,Thomas,Taylor,USER,DATA,PLACED,Redwood Energy,2025-02-27T06:58:09.461Z
1300,thomas.nelson.1300@informationtechconsultants.co.uk,Thomas,Nelson,USER,DATA,PLACED,Horizon Health,2026-04-21T06:50:22.838Z
1301,hana.rahman.1301@informationtechconsultants.co.uk,Hana,Rahman,USER,PYTHON,PLACED,BluePeak Telecom,2023-07-11T08:46:35.272Z
1302,hana.morgan.1302@informationtechconsultants.co.uk,Hana,Morgan,USER,PYTHON,PLACED,Meridian Finance,2026-04-06T00:04:08.683Z
1303,hana.shah.1303@informationtechconsultants.co.uk,Hana,Shah,USER,PYTHON,PLACED,Vertex Logistics,2026-01-17T04:27:22.424Z
1304,hana.green.1304@informationtechconsultants.co.uk,Hana,Green,USER,PYTHON,PLACED,Cedar Insurance,2023-08-03T02:12:54.593Z
1305,hana.patel.1305@informationtechconsultants.co.uk,Hana,Patel,USER,PYTHON,PLACED,Aurora Media,2023-10-28T04:31:27.807Z
1306,hana.reed.1306@informationtechconsultants.co.uk,Hana,Reed,USER,PYTHON,PLACED,Ember Mobility,2025-01-19T06:15:56.720Z
1307,hana.hassan.1307@informationtechconsultants.co.uk,Hana,Hassan,USER,PYTHON,PLACED,Summit Travel,2023-04-07T18:15:12.319Z
1308,hana.brooks.1308@informationtechconsultants.co.uk,Hana,Brooks,USER,PYTHON,PLACED,Oakline Public Sector,2024-01-29T13:56:49.538Z
1309,hana.khan.1309@informationtechconsultants.co.uk,Hana,Khan,USER,PYTHON,PLACED,Northstar Bank,2025-03-25T08:33:16.901Z
1310,hana.grant.1310@informationtechconsultants.co.uk,Hana,Grant,USER,PYTHON,PLACED,Atlas Retail,2025-07-30T17:55:31.825Z
1311,hana.clarke.1311@informationtechconsultants.co.uk,Hana,Clarke,USER,PYTHON,PLACED,Redwood Energy,2024-01-01T09:04:56.156Z
1312,hana.turner.1312@informationtechconsultants.co.uk,Hana,Turner,USER,PYTHON,PLACED,Horizon Health,2025-09-10T00:18:58.679Z
1313,hana.okafor.1313@informationtechconsultants.co.uk,Hana,Okafor,USER,PYTHON,PLACED,BluePeak Telecom,2025-02-10T02:55:41.614Z
1314,hana.walsh.1314@informationtechconsultants.co.uk,Hana,Walsh,USER,PYTHON,PLACED,Meridian Finance,2023-06-05T13:26:56.700Z
1315,hana.mahmood.1315@informationtechconsultants.co.uk,Hana,Mahmood,USER,PYTHON,PLACED,Vertex Logistics,2024-07-29T23:42:52.542Z
1316,hana.bennett.1316@informationtechconsultants.co.uk,Hana,Bennett,USER,PYTHON,PLACED,Cedar Insurance,2025-05-03T00:23:48.218Z
1317,hana.rossi.1317@informationtechconsultants.co.uk,Hana,Rossi,USER,PYTHON,PLACED,Aurora Media,2024-07-29T17:05:21.351Z
1318,hana.price.1318@informationtechconsultants.co.uk,Hana,Price,USER,PYTHON,PLACED,Ember Mobility,2023-02-25T03:51:17.096Z
1319,hana.ali.1319@informationtechconsultants.co.uk,Hana,Ali,USER,PYTHON,PLACED,Summit Travel,2023-08-09T20:47:06.692Z
1320,hana.harris.1320@informationtechconsultants.co.uk,Hana,Harris,USER,PYTHON,PLACED,Oakline Public Sector,2023-08-04T08:05:04.678Z
1321,hana.martin.1321@informationtechconsultants.co.uk,Hana,Martin,USER,PYTHON,PLACED,Northstar Bank,2026-06-12T02:20:33.097Z
1322,hana.ahmed.1322@informationtechconsultants.co.uk,Hana,Ahmed,USER,PYTHON,PLACED,Atlas Retail,2023-03-28T20:57:24.616Z
1323,hana.cooper.1323@informationtechconsultants.co.uk,Hana,Cooper,USER,PYTHON,PLACED,Redwood Energy,2026-04-07T22:15:42.633Z
1324,hana.foster.1324@informationtechconsultants.co.uk,Hana,Foster,USER,PYTHON,PLACED,Horizon Health,2023-12-08T05:12:36.838Z
1325,hana.nair.1325@informationtechconsultants.co.uk,Hana,Nair,USER,PYTHON,PLACED,BluePeak Telecom,2023-05-20T13:20:56.437Z
1326,hana.bailey.1326@informationtechconsultants.co.uk,Hana,Bailey,USER,PYTHON,PLACED,Meridian Finance,2023-03-07T08:03:19.573Z
1327,hana.kim.1327@informationtechconsultants.co.uk,Hana,Kim,USER,PYTHON,PLACED,Vertex Logistics,2025-03-07T20:49:01.570Z
1328,hana.ward.1328@informationtechconsultants.co.uk,Hana,Ward,USER,PYTHON,PLACED,Cedar Insurance,2025-04-25T16:16:17.207Z
1329,hana.malik.1329@informationtechconsultants.co.uk,Hana,Malik,USER,PYTHON,PLACED,Aurora Media,2025-07-21T20:20:24.291Z
1330,hana.carter.1330@informationtechconsultants.co.uk,Hana,Carter,USER,PYTHON,PLACED,Ember Mobility,2024-03-22T23:06:06.398Z
1331,hana.santos.1331@informationtechconsultants.co.uk,Hana,Santos,USER,PYTHON,PLACED,Summit Travel,2023-05-23T16:49:05.194Z
1332,hana.cole.1332@informationtechconsultants.co.uk,Hana,Cole,USER,PYTHON,PLACED,Oakline Public Sector,2026-01-31T04:45:43.431Z
1333,hana.lewis.1333@informationtechconsultants.co.uk,Hana,Lewis,USER,PYTHON,PLACED,Northstar Bank,2025-11-07T22:44:15.230Z
1334,hana.mills.1334@informationtechconsultants.co.uk,Hana,Mills,USER,PYTHON,PLACED,Atlas Retail,2025-02-26T02:17:15.219Z
1335,hana.sen.1335@informationtechconsultants.co.uk,Hana,Sen,USER,PYTHON,PLACED,Redwood Energy,2024-10-13T10:55:10.036Z
1336,hana.bell.1336@informationtechconsultants.co.uk,Hana,Bell,USER,PYTHON,AVAILABLE,,2025-03-03T21:41:26.370Z
1337,hana.davis.1337@informationtechconsultants.co.uk,Hana,Davis,USER,PYTHON,AVAILABLE,,2024-12-09T20:12:39.857Z
1338,hana.evans.1338@informationtechconsultants.co.uk,Hana,Evans,USER,PYTHON,AVAILABLE,,2023-10-08T11:49:12.852Z
1339,hana.williams.1339@informationtechconsultants.co.uk,Hana,Williams,USER,PYTHON,AVAILABLE,,2023-05-24T13:06:35.278Z
1340,hana.scott.1340@informationtechconsultants.co.uk,Hana,Scott,USER,PYTHON,AVAILABLE,,2025-02-22T03:10:13.762Z
1341,hana.ibrahim.1341@informationtechconsultants.co.uk,Hana,Ibrahim,USER,PYTHON,AVAILABLE,,2024-04-04T00:26:51.089Z
1342,hana.mitchell.1342@informationtechconsultants.co.uk,Hana,Mitchell,USER,PYTHON,AVAILABLE,,2025-11-06T08:16:06.286Z
1343,hana.murphy.1343@informationtechconsultants.co.uk,Hana,Murphy,USER,ANDROID,AVAILABLE,,2024-01-23T21:41:49.758Z
1344,hana.iqbal.1344@informationtechconsultants.co.uk,Hana,Iqbal,USER,ANDROID,AVAILABLE,,2023-10-28T20:55:04.265Z
1345,hana.roberts.1345@informationtechconsultants.co.uk,Hana,Roberts,USER,ANDROID,AVAILABLE,,2025-10-30T06:15:22.495Z
1346,hana.wright.1346@informationtechconsultants.co.uk,Hana,Wright,USER,ANDROID,AVAILABLE,,2023-08-01T11:52:55.842Z
1347,hana.cho.1347@informationtechconsultants.co.uk,Hana,Cho,USER,ANDROID,AVAILABLE,,2024-02-04T14:34:06.516Z
1348,hana.parker.1348@informationtechconsultants.co.uk,Hana,Parker,USER,ANDROID,AVAILABLE,,2025-09-29T18:53:12.473Z
1349,hana.taylor.1349@informationtechconsultants.co.uk,Hana,Taylor,USER,ANDROID,AVAILABLE,,2026-03-01T05:34:37.180Z
1350,hana.nelson.1350@informationtechconsultants.co.uk,Hana,Nelson,USER,ANDROID,ENDING_SOON,Meridian Finance,2023-01-06T16:12:40.054Z
1351,jacob.rahman.1351@informationtechconsultants.co.uk,Jacob,Rahman,USER,ANDROID,ENDING_SOON,Vertex Logistics,2023-01-07T23:05:25.506Z
1352,jacob.morgan.1352@informationtechconsultants.co.uk,Jacob,Morgan,USER,ANDROID,ENDING_SOON,Cedar Insurance,2024-03-18T12:44:42.628Z
1353,jacob.shah.1353@informationtechconsultants.co.uk,Jacob,Shah,USER,ANDROID,ENDING_SOON,Aurora Media,2025-12-30T13:14:25.865Z
1354,jacob.green.1354@informationtechconsultants.co.uk,Jacob,Green,USER,ANDROID,ENDING_SOON,Ember Mobility,2024-07-08T06:01:46.539Z
1355,jacob.patel.1355@informationtechconsultants.co.uk,Jacob,Patel,USER,ANDROID,ENDING_SOON,Summit Travel,2024-10-11T01:20:53.611Z
1356,jacob.reed.1356@informationtechconsultants.co.uk,Jacob,Reed,USER,ANDROID,ENDING_SOON,Oakline Public Sector,2025-08-29T02:59:00.246Z
1357,jacob.hassan.1357@informationtechconsultants.co.uk,Jacob,Hassan,USER,ANDROID,ENDING_SOON,Northstar Bank,2024-07-20T22:46:09.536Z
1358,jacob.brooks.1358@informationtechconsultants.co.uk,Jacob,Brooks,USER,ANDROID,ENDING_SOON,Atlas Retail,2025-12-23T20:50:04.227Z
1359,jacob.khan.1359@informationtechconsultants.co.uk,Jacob,Khan,USER,ANDROID,ENDING_SOON,Redwood Energy,2024-05-26T02:33:01.274Z
1360,jacob.grant.1360@informationtechconsultants.co.uk,Jacob,Grant,USER,ANDROID,ENDING_SOON,Horizon Health,2023-06-18T21:26:28.612Z
1361,jacob.clarke.1361@informationtechconsultants.co.uk,Jacob,Clarke,USER,ANDROID,PLACED,BluePeak Telecom,2024-10-12T07:32:52.699Z
1362,jacob.turner.1362@informationtechconsultants.co.uk,Jacob,Turner,USER,ANDROID,PLACED,Meridian Finance,2023-11-11T18:07:55.669Z
1363,jacob.okafor.1363@informationtechconsultants.co.uk,Jacob,Okafor,USER,ANDROID,PLACED,Vertex Logistics,2025-01-05T04:59:42.385Z
1364,jacob.walsh.1364@informationtechconsultants.co.uk,Jacob,Walsh,USER,ANDROID,PLACED,Cedar Insurance,2026-06-03T04:50:00.274Z
1365,jacob.mahmood.1365@informationtechconsultants.co.uk,Jacob,Mahmood,USER,ANDROID,PLACED,Aurora Media,2023-06-02T21:54:23.499Z
1366,jacob.bennett.1366@informationtechconsultants.co.uk,Jacob,Bennett,USER,ANDROID,PLACED,Ember Mobility,2024-07-21T08:30:47.249Z
1367,jacob.rossi.1367@informationtechconsultants.co.uk,Jacob,Rossi,USER,ANDROID,PLACED,Summit Travel,2025-09-11T00:51:48.152Z
1368,jacob.price.1368@informationtechconsultants.co.uk,Jacob,Price,USER,ANDROID,PLACED,Oakline Public Sector,2024-08-22T07:17:38.488Z
1369,jacob.ali.1369@informationtechconsultants.co.uk,Jacob,Ali,USER,ANDROID,PLACED,Northstar Bank,2024-02-13T22:06:29.223Z
1370,jacob.harris.1370@informationtechconsultants.co.uk,Jacob,Harris,USER,ANDROID,PLACED,Atlas Retail,2025-10-02T16:53:19.469Z
1371,jacob.martin.1371@informationtechconsultants.co.uk,Jacob,Martin,USER,ANDROID,PLACED,Redwood Energy,2025-06-18T16:37:55.683Z
1372,jacob.ahmed.1372@informationtechconsultants.co.uk,Jacob,Ahmed,USER,ANDROID,PLACED,Horizon Health,2026-04-22T16:59:42.144Z
1373,jacob.cooper.1373@informationtechconsultants.co.uk,Jacob,Cooper,USER,ANDROID,PLACED,BluePeak Telecom,2025-12-15T10:00:47.856Z
1374,jacob.foster.1374@informationtechconsultants.co.uk,Jacob,Foster,USER,ANDROID,PLACED,Meridian Finance,2025-01-26T08:37:16.119Z
1375,jacob.nair.1375@informationtechconsultants.co.uk,Jacob,Nair,USER,ANDROID,PLACED,Vertex Logistics,2023-09-16T20:55:00.986Z
1376,jacob.bailey.1376@informationtechconsultants.co.uk,Jacob,Bailey,USER,DATA,PLACED,Cedar Insurance,2023-02-24T17:29:28.819Z
1377,jacob.kim.1377@informationtechconsultants.co.uk,Jacob,Kim,USER,DATA,PLACED,Aurora Media,2024-02-02T09:27:45.889Z
1378,jacob.ward.1378@informationtechconsultants.co.uk,Jacob,Ward,USER,DATA,PLACED,Ember Mobility,2023-09-28T01:22:00.680Z
1379,jacob.malik.1379@informationtechconsultants.co.uk,Jacob,Malik,USER,DATA,PLACED,Summit Travel,2023-01-14T21:17:18.366Z
1380,jacob.carter.1380@informationtechconsultants.co.uk,Jacob,Carter,USER,DATA,PLACED,Oakline Public Sector,2024-06-10T16:16:48.695Z
1381,jacob.santos.1381@informationtechconsultants.co.uk,Jacob,Santos,USER,DATA,PLACED,Northstar Bank,2024-04-26T06:33:21.309Z
1382,jacob.cole.1382@informationtechconsultants.co.uk,Jacob,Cole,USER,DATA,PLACED,Atlas Retail,2024-08-17T03:38:33.249Z
1383,jacob.lewis.1383@informationtechconsultants.co.uk,Jacob,Lewis,USER,DATA,PLACED,Redwood Energy,2026-01-09T14:38:54.753Z
1384,jacob.mills.1384@informationtechconsultants.co.uk,Jacob,Mills,USER,DATA,PLACED,Horizon Health,2024-01-09T22:31:05.192Z
1385,jacob.sen.1385@informationtechconsultants.co.uk,Jacob,Sen,USER,DATA,PLACED,BluePeak Telecom,2025-03-23T18:30:08.625Z
1386,jacob.bell.1386@informationtechconsultants.co.uk,Jacob,Bell,USER,DATA,PLACED,Meridian Finance,2025-01-27T18:29:30.565Z
1387,jacob.davis.1387@informationtechconsultants.co.uk,Jacob,Davis,USER,DATA,PLACED,Vertex Logistics,2025-10-06T23:57:57.892Z
1388,jacob.evans.1388@informationtechconsultants.co.uk,Jacob,Evans,USER,DATA,PLACED,Cedar Insurance,2026-04-29T20:31:00.193Z
1389,jacob.williams.1389@informationtechconsultants.co.uk,Jacob,Williams,USER,DATA,PLACED,Aurora Media,2024-09-10T06:18:38.494Z
1390,jacob.scott.1390@informationtechconsultants.co.uk,Jacob,Scott,USER,DATA,PLACED,Ember Mobility,2026-04-09T09:34:32.289Z
1391,jacob.ibrahim.1391@informationtechconsultants.co.uk,Jacob,Ibrahim,USER,DATA,PLACED,Summit Travel,2024-03-01T16:06:54.614Z
1392,jacob.mitchell.1392@informationtechconsultants.co.uk,Jacob,Mitchell,USER,DATA,PLACED,Oakline Public Sector,2023-11-27T13:28:52.905Z
1393,jacob.murphy.1393@informationtechconsultants.co.uk,Jacob,Murphy,USER,DATA,PLACED,Northstar Bank,2023-04-21T16:42:06.496Z
1394,jacob.iqbal.1394@informationtechconsultants.co.uk,Jacob,Iqbal,USER,DATA,PLACED,Atlas Retail,2024-06-04T04:47:15.302Z
1395,jacob.roberts.1395@informationtechconsultants.co.uk,Jacob,Roberts,USER,DATA,PLACED,Redwood Energy,2025-05-28T22:20:09.092Z
1396,jacob.wright.1396@informationtechconsultants.co.uk,Jacob,Wright,USER,DATA,PLACED,Horizon Health,2024-10-11T02:50:03.522Z
1397,jacob.cho.1397@informationtechconsultants.co.uk,Jacob,Cho,USER,DATA,PLACED,BluePeak Telecom,2023-10-14T06:13:43.973Z
1398,jacob.parker.1398@informationtechconsultants.co.uk,Jacob,Parker,USER,DATA,PLACED,Meridian Finance,2023-05-03T16:21:13.545Z
1399,jacob.taylor.1399@informationtechconsultants.co.uk,Jacob,Taylor,USER,DATA,PLACED,Vertex Logistics,2023-11-01T12:18:16.807Z
1400,jacob.nelson.1400@informationtechconsultants.co.uk,Jacob,Nelson,USER,DATA,PLACED,Cedar Insurance,2023-11-18T15:39:13.160Z
1401,inaya.rahman.1401@informationtechconsultants.co.uk,Inaya,Rahman,USER,PYTHON,PLACED,Aurora Media,2024-06-12T08:10:24.310Z
1402,inaya.morgan.1402@informationtechconsultants.co.uk,Inaya,Morgan,USER,PYTHON,PLACED,Ember Mobility,2026-02-10T21:27:23.506Z
1403,inaya.shah.1403@informationtechconsultants.co.uk,Inaya,Shah,USER,PYTHON,PLACED,Summit Travel,2024-08-19T14:23:59.415Z
1404,inaya.green.1404@informationtechconsultants.co.uk,Inaya,Green,USER,PYTHON,PLACED,Oakline Public Sector,2026-04-12T19:59:27.050Z
1405,inaya.patel.1405@informationtechconsultants.co.uk,Inaya,Patel,USER,PYTHON,PLACED,Northstar Bank,2026-07-01T00:12:59.431Z
1406,inaya.reed.1406@informationtechconsultants.co.uk,Inaya,Reed,USER,PYTHON,PLACED,Atlas Retail,2023-08-28T13:21:48.491Z
1407,inaya.hassan.1407@informationtechconsultants.co.uk,Inaya,Hassan,USER,PYTHON,PLACED,Redwood Energy,2023-01-04T03:59:29.138Z
1408,inaya.brooks.1408@informationtechconsultants.co.uk,Inaya,Brooks,USER,PYTHON,PLACED,Horizon Health,2024-12-17T16:07:55.194Z
1409,inaya.khan.1409@informationtechconsultants.co.uk,Inaya,Khan,USER,PYTHON,PLACED,BluePeak Telecom,2023-11-22T12:59:12.845Z
1410,inaya.grant.1410@informationtechconsultants.co.uk,Inaya,Grant,USER,PYTHON,PLACED,Meridian Finance,2023-07-23T04:51:53.454Z
1411,inaya.clarke.1411@informationtechconsultants.co.uk,Inaya,Clarke,USER,PYTHON,PLACED,Vertex Logistics,2024-04-24T17:29:14.190Z
1412,inaya.turner.1412@informationtechconsultants.co.uk,Inaya,Turner,USER,PYTHON,PLACED,Cedar Insurance,2025-11-06T16:51:35.741Z
1413,inaya.okafor.1413@informationtechconsultants.co.uk,Inaya,Okafor,USER,PYTHON,PLACED,Aurora Media,2023-03-25T03:37:53.515Z
1414,inaya.walsh.1414@informationtechconsultants.co.uk,Inaya,Walsh,USER,PYTHON,PLACED,Ember Mobility,2026-06-07T03:31:57.960Z
1415,inaya.mahmood.1415@informationtechconsultants.co.uk,Inaya,Mahmood,USER,PYTHON,PLACED,Summit Travel,2024-04-03T05:17:21.013Z
1416,inaya.bennett.1416@informationtechconsultants.co.uk,Inaya,Bennett,USER,PYTHON,AVAILABLE,,2023-01-05T16:25:32.486Z
1417,inaya.rossi.1417@informationtechconsultants.co.uk,Inaya,Rossi,USER,PYTHON,AVAILABLE,,2023-10-18T16:28:07.221Z
1418,inaya.price.1418@informationtechconsultants.co.uk,Inaya,Price,USER,PYTHON,AVAILABLE,,2024-08-06T17:15:30.803Z
1419,inaya.ali.1419@informationtechconsultants.co.uk,Inaya,Ali,USER,PYTHON,AVAILABLE,,2023-10-20T05:20:39.396Z
1420,inaya.harris.1420@informationtechconsultants.co.uk,Inaya,Harris,USER,PYTHON,AVAILABLE,,2024-03-09T20:26:20.242Z
1421,inaya.martin.1421@informationtechconsultants.co.uk,Inaya,Martin,USER,PYTHON,AVAILABLE,,2026-07-17T05:14:37.804Z
1422,inaya.ahmed.1422@informationtechconsultants.co.uk,Inaya,Ahmed,USER,PYTHON,AVAILABLE,,2024-07-19T17:50:41.610Z
1423,inaya.cooper.1423@informationtechconsultants.co.uk,Inaya,Cooper,USER,PYTHON,AVAILABLE,,2024-03-08T15:41:36.605Z
1424,inaya.foster.1424@informationtechconsultants.co.uk,Inaya,Foster,USER,PYTHON,AVAILABLE,,2026-06-20T05:47:23.320Z
1425,inaya.nair.1425@informationtechconsultants.co.uk,Inaya,Nair,USER,PYTHON,AVAILABLE,,2024-09-16T03:37:09.114Z
1426,inaya.bailey.1426@informationtechconsultants.co.uk,Inaya,Bailey,USER,PYTHON,AVAILABLE,,2025-09-22T10:08:11.198Z
1427,inaya.kim.1427@informationtechconsultants.co.uk,Inaya,Kim,USER,PYTHON,AVAILABLE,,2023-05-21T12:19:14.367Z
1428,inaya.ward.1428@informationtechconsultants.co.uk,Inaya,Ward,USER,PYTHON,AVAILABLE,,2026-06-07T10:34:03.885Z
1429,inaya.malik.1429@informationtechconsultants.co.uk,Inaya,Malik,USER,PYTHON,AVAILABLE,,2025-10-24T14:17:48.643Z
1430,inaya.carter.1430@informationtechconsultants.co.uk,Inaya,Carter,USER,PYTHON,ENDING_SOON,Atlas Retail,2024-08-18T04:23:09.133Z
1431,inaya.santos.1431@informationtechconsultants.co.uk,Inaya,Santos,USER,PYTHON,ENDING_SOON,Redwood Energy,2023-03-05T17:06:05.996Z
1432,inaya.cole.1432@informationtechconsultants.co.uk,Inaya,Cole,USER,PYTHON,ENDING_SOON,Horizon Health,2024-11-10T10:07:14.484Z
1433,inaya.lewis.1433@informationtechconsultants.co.uk,Inaya,Lewis,USER,PYTHON,ENDING_SOON,BluePeak Telecom,2025-12-05T07:47:46.581Z
1434,inaya.mills.1434@informationtechconsultants.co.uk,Inaya,Mills,USER,PYTHON,ENDING_SOON,Meridian Finance,2023-06-16T08:02:14.373Z
1435,inaya.sen.1435@informationtechconsultants.co.uk,Inaya,Sen,USER,PYTHON,ENDING_SOON,Vertex Logistics,2023-02-08T09:53:32.455Z
1436,inaya.bell.1436@informationtechconsultants.co.uk,Inaya,Bell,USER,PYTHON,ENDING_SOON,Cedar Insurance,2026-03-02T05:43:52.067Z
1437,inaya.davis.1437@informationtechconsultants.co.uk,Inaya,Davis,USER,PYTHON,ENDING_SOON,Aurora Media,2024-06-05T19:54:43.106Z
1438,inaya.evans.1438@informationtechconsultants.co.uk,Inaya,Evans,USER,PYTHON,ENDING_SOON,Ember Mobility,2025-10-24T03:18:00.091Z
1439,inaya.williams.1439@informationtechconsultants.co.uk,Inaya,Williams,USER,PYTHON,ENDING_SOON,Summit Travel,2026-06-12T09:46:09.504Z
1440,inaya.scott.1440@informationtechconsultants.co.uk,Inaya,Scott,USER,PYTHON,ENDING_SOON,Oakline Public Sector,2026-04-24T11:22:59.329Z
1441,inaya.ibrahim.1441@informationtechconsultants.co.uk,Inaya,Ibrahim,USER,PYTHON,PLACED,Northstar Bank,2026-07-02T19:56:29.834Z
1442,inaya.mitchell.1442@informationtechconsultants.co.uk,Inaya,Mitchell,USER,PYTHON,PLACED,Atlas Retail,2024-05-15T06:53:51.821Z
1443,inaya.murphy.1443@informationtechconsultants.co.uk,Inaya,Murphy,USER,ANDROID,PLACED,Redwood Energy,2025-06-02T11:39:50.398Z
1444,inaya.iqbal.1444@informationtechconsultants.co.uk,Inaya,Iqbal,USER,ANDROID,PLACED,Horizon Health,2024-01-04T22:11:03.432Z
1445,inaya.roberts.1445@informationtechconsultants.co.uk,Inaya,Roberts,USER,ANDROID,PLACED,BluePeak Telecom,2025-10-18T22:34:49.816Z
1446,inaya.wright.1446@informationtechconsultants.co.uk,Inaya,Wright,USER,ANDROID,PLACED,Meridian Finance,2023-09-03T16:52:52.843Z
1447,inaya.cho.1447@informationtechconsultants.co.uk,Inaya,Cho,USER,ANDROID,PLACED,Vertex Logistics,2024-09-18T08:12:32.226Z
1448,inaya.parker.1448@informationtechconsultants.co.uk,Inaya,Parker,USER,ANDROID,PLACED,Cedar Insurance,2023-01-18T02:15:04.309Z
1449,inaya.taylor.1449@informationtechconsultants.co.uk,Inaya,Taylor,USER,ANDROID,PLACED,Aurora Media,2023-06-29T07:42:29.431Z
1450,inaya.nelson.1450@informationtechconsultants.co.uk,Inaya,Nelson,USER,ANDROID,PLACED,Ember Mobility,2023-11-16T22:07:59.135Z
1451,ben.rahman.1451@informationtechconsultants.co.uk,Ben,Rahman,USER,ANDROID,PLACED,Summit Travel,2023-06-10T14:42:18.270Z
1452,ben.morgan.1452@informationtechconsultants.co.uk,Ben,Morgan,USER,ANDROID,PLACED,Oakline Public Sector,2023-02-26T15:38:58.366Z
1453,ben.shah.1453@informationtechconsultants.co.uk,Ben,Shah,USER,ANDROID,PLACED,Northstar Bank,2023-03-17T20:08:02.843Z
1454,ben.green.1454@informationtechconsultants.co.uk,Ben,Green,USER,ANDROID,PLACED,Atlas Retail,2026-06-04T22:59:48.080Z
1455,ben.patel.1455@informationtechconsultants.co.uk,Ben,Patel,USER,ANDROID,PLACED,Redwood Energy,2025-09-10T04:21:25.196Z
1456,ben.reed.1456@informationtechconsultants.co.uk,Ben,Reed,USER,ANDROID,PLACED,Horizon Health,2024-09-16T22:33:06.735Z
1457,ben.hassan.1457@informationtechconsultants.co.uk,Ben,Hassan,USER,ANDROID,PLACED,BluePeak Telecom,2023-05-14T10:54:13.901Z
1458,ben.brooks.1458@informationtechconsultants.co.uk,Ben,Brooks,USER,ANDROID,PLACED,Meridian Finance,2023-01-09T02:57:05.124Z
1459,ben.khan.1459@informationtechconsultants.co.uk,Ben,Khan,USER,ANDROID,PLACED,Vertex Logistics,2024-12-13T19:03:58.931Z
1460,ben.grant.1460@informationtechconsultants.co.uk,Ben,Grant,USER,ANDROID,PLACED,Cedar Insurance,2024-10-17T00:11:06.344Z
1461,ben.clarke.1461@informationtechconsultants.co.uk,Ben,Clarke,USER,ANDROID,PLACED,Aurora Media,2023-10-13T08:37:33.592Z
1462,ben.turner.1462@informationtechconsultants.co.uk,Ben,Turner,USER,ANDROID,PLACED,Ember Mobility,2026-06-02T18:24:41.380Z
1463,ben.okafor.1463@informationtechconsultants.co.uk,Ben,Okafor,USER,ANDROID,PLACED,Summit Travel,2025-05-17T03:01:34.911Z
1464,ben.walsh.1464@informationtechconsultants.co.uk,Ben,Walsh,USER,ANDROID,PLACED,Oakline Public Sector,2024-11-29T17:14:39.127Z
1465,ben.mahmood.1465@informationtechconsultants.co.uk,Ben,Mahmood,USER,ANDROID,PLACED,Northstar Bank,2024-06-13T03:42:06.413Z
1466,ben.bennett.1466@informationtechconsultants.co.uk,Ben,Bennett,USER,ANDROID,PLACED,Atlas Retail,2024-08-07T08:35:58.640Z
1467,ben.rossi.1467@informationtechconsultants.co.uk,Ben,Rossi,USER,ANDROID,PLACED,Redwood Energy,2024-08-27T02:35:48.983Z
1468,ben.price.1468@informationtechconsultants.co.uk,Ben,Price,USER,ANDROID,PLACED,Horizon Health,2024-02-29T08:04:18.114Z
1469,ben.ali.1469@informationtechconsultants.co.uk,Ben,Ali,USER,ANDROID,PLACED,BluePeak Telecom,2025-12-02T22:37:03.031Z
1470,ben.harris.1470@informationtechconsultants.co.uk,Ben,Harris,USER,ANDROID,PLACED,Meridian Finance,2025-07-12T14:54:58.304Z
1471,ben.martin.1471@informationtechconsultants.co.uk,Ben,Martin,USER,ANDROID,PLACED,Vertex Logistics,2023-02-11T01:29:30.065Z
1472,ben.ahmed.1472@informationtechconsultants.co.uk,Ben,Ahmed,USER,ANDROID,PLACED,Cedar Insurance,2023-11-16T15:54:27.542Z
1473,ben.cooper.1473@informationtechconsultants.co.uk,Ben,Cooper,USER,ANDROID,PLACED,Aurora Media,2023-02-12T18:41:45.215Z
1474,ben.foster.1474@informationtechconsultants.co.uk,Ben,Foster,USER,ANDROID,PLACED,Ember Mobility,2024-02-08T03:09:48.469Z
1475,ben.nair.1475@informationtechconsultants.co.uk,Ben,Nair,USER,ANDROID,PLACED,Summit Travel,2025-04-07T18:51:32.995Z
1476,ben.bailey.1476@informationtechconsultants.co.uk,Ben,Bailey,USER,DATA,PLACED,Oakline Public Sector,2025-01-16T05:14:12.434Z
1477,ben.kim.1477@informationtechconsultants.co.uk,Ben,Kim,USER,DATA,PLACED,Northstar Bank,2023-05-15T02:31:47.756Z
1478,ben.ward.1478@informationtechconsultants.co.uk,Ben,Ward,USER,DATA,PLACED,Atlas Retail,2026-02-28T15:27:27.510Z
1479,ben.malik.1479@informationtechconsultants.co.uk,Ben,Malik,USER,DATA,PLACED,Redwood Energy,2025-03-10T21:19:13.307Z
1480,ben.carter.1480@informationtechconsultants.co.uk,Ben,Carter,USER,DATA,PLACED,Horizon Health,2025-03-18T00:12:16.328Z
1481,ben.santos.1481@informationtechconsultants.co.uk,Ben,Santos,USER,DATA,PLACED,BluePeak Telecom,2023-11-02T08:44:39.402Z
1482,ben.cole.1482@informationtechconsultants.co.uk,Ben,Cole,USER,DATA,PLACED,Meridian Finance,2024-05-13T01:23:19.525Z
1483,ben.lewis.1483@informationtechconsultants.co.uk,Ben,Lewis,USER,DATA,PLACED,Vertex Logistics,2025-04-10T17:01:35.624Z
1484,ben.mills.1484@informationtechconsultants.co.uk,Ben,Mills,USER,DATA,PLACED,Cedar Insurance,2026-06-09T03:53:49.646Z
1485,ben.sen.1485@informationtechconsultants.co.uk,Ben,Sen,USER,DATA,PLACED,Aurora Media,2026-01-01T12:05:54.786Z
1486,ben.bell.1486@informationtechconsultants.co.uk,Ben,Bell,USER,DATA,PLACED,Ember Mobility,2026-04-20T07:23:01.801Z
1487,ben.davis.1487@informationtechconsultants.co.uk,Ben,Davis,USER,DATA,PLACED,Summit Travel,2026-04-06T23:49:35.599Z
1488,ben.evans.1488@informationtechconsultants.co.uk,Ben,Evans,USER,DATA,PLACED,Oakline Public Sector,2026-05-15T18:29:18.000Z
1489,ben.williams.1489@informationtechconsultants.co.uk,Ben,Williams,USER,DATA,PLACED,Northstar Bank,2023-10-26T01:21:28.921Z
1490,ben.scott.1490@informationtechconsultants.co.uk,Ben,Scott,USER,DATA,PLACED,Atlas Retail,2024-11-29T17:59:05.996Z
1491,ben.ibrahim.1491@informationtechconsultants.co.uk,Ben,Ibrahim,USER,DATA,PLACED,Redwood Energy,2026-06-16T12:03:18.747Z
1492,ben.mitchell.1492@informationtechconsultants.co.uk,Ben,Mitchell,USER,DATA,PLACED,Horizon Health,2023-07-28T20:25:41.175Z
1493,ben.murphy.1493@informationtechconsultants.co.uk,Ben,Murphy,USER,DATA,PLACED,BluePeak Telecom,2023-10-07T00:44:21.190Z
1494,ben.iqbal.1494@informationtechconsultants.co.uk,Ben,Iqbal,USER,DATA,PLACED,Meridian Finance,2024-01-21T23:50:02.287Z
1495,ben.roberts.1495@informationtechconsultants.co.uk,Ben,Roberts,USER,DATA,PLACED,Vertex Logistics,2025-07-26T19:17:37.553Z
1496,ben.wright.1496@informationtechconsultants.co.uk,Ben,Wright,USER,DATA,AVAILABLE,,2023-04-04T05:54:49.997Z
1497,ben.cho.1497@informationtechconsultants.co.uk,Ben,Cho,USER,DATA,AVAILABLE,,2023-04-03T15:43:25.789Z
1498,ben.parker.1498@informationtechconsultants.co.uk,Ben,Parker,USER,DATA,AVAILABLE,,2024-06-22T05:01:19.777Z
1499,ben.taylor.1499@informationtechconsultants.co.uk,Ben,Taylor,USER,DATA,AVAILABLE,,2026-02-17T11:36:42.965Z
1500,ben.nelson.1500@informationtechconsultants.co.uk,Ben,Nelson,USER,DATA,AVAILABLE,,2023-04-20T15:00:51.794Z
1501,rosa.rahman.1501@informationtechconsultants.co.uk,Rosa,Rahman,USER,PYTHON,AVAILABLE,,2024-11-04T17:02:33.200Z
1502,rosa.morgan.1502@informationtechconsultants.co.uk,Rosa,Morgan,USER,PYTHON,AVAILABLE,,2025-05-16T02:20:12.232Z
1503,rosa.shah.1503@informationtechconsultants.co.uk,Rosa,Shah,USER,PYTHON,AVAILABLE,,2025-09-10T20:01:37.197Z
1504,rosa.green.1504@informationtechconsultants.co.uk,Rosa,Green,USER,PYTHON,AVAILABLE,,2023-12-07T22:01:55.024Z
1505,rosa.patel.1505@informationtechconsultants.co.uk,Rosa,Patel,USER,PYTHON,AVAILABLE,,2024-07-30T11:39:41.898Z
1506,rosa.reed.1506@informationtechconsultants.co.uk,Rosa,Reed,USER,PYTHON,AVAILABLE,,2023-08-25T13:13:29.477Z
1507,rosa.hassan.1507@informationtechconsultants.co.uk,Rosa,Hassan,USER,PYTHON,AVAILABLE,,2024-02-03T08:37:22.088Z
1508,rosa.brooks.1508@informationtechconsultants.co.uk,Rosa,Brooks,USER,PYTHON,AVAILABLE,,2026-01-26T06:34:07.235Z
1509,rosa.khan.1509@informationtechconsultants.co.uk,Rosa,Khan,USER,PYTHON,AVAILABLE,,2024-10-29T06:08:30.561Z
1510,rosa.grant.1510@informationtechconsultants.co.uk,Rosa,Grant,USER,PYTHON,ENDING_SOON,Ember Mobility,2023-03-22T06:37:39.252Z
1511,rosa.clarke.1511@informationtechconsultants.co.uk,Rosa,Clarke,USER,PYTHON,ENDING_SOON,Summit Travel,2026-01-11T10:54:33.606Z
1512,rosa.turner.1512@informationtechconsultants.co.uk,Rosa,Turner,USER,PYTHON,ENDING_SOON,Oakline Public Sector,2025-07-11T00:38:50.999Z
1513,rosa.okafor.1513@informationtechconsultants.co.uk,Rosa,Okafor,USER,PYTHON,ENDING_SOON,Northstar Bank,2026-07-28T23:07:01.156Z
1514,rosa.walsh.1514@informationtechconsultants.co.uk,Rosa,Walsh,USER,PYTHON,ENDING_SOON,Atlas Retail,2024-08-07T23:08:38.039Z
1515,rosa.mahmood.1515@informationtechconsultants.co.uk,Rosa,Mahmood,USER,PYTHON,ENDING_SOON,Redwood Energy,2025-12-11T10:09:27.658Z
1516,rosa.bennett.1516@informationtechconsultants.co.uk,Rosa,Bennett,USER,PYTHON,ENDING_SOON,Horizon Health,2024-10-19T18:26:08.544Z
1517,rosa.rossi.1517@informationtechconsultants.co.uk,Rosa,Rossi,USER,PYTHON,ENDING_SOON,BluePeak Telecom,2025-11-28T13:28:38.175Z
1518,rosa.price.1518@informationtechconsultants.co.uk,Rosa,Price,USER,PYTHON,ENDING_SOON,Meridian Finance,2023-10-14T23:40:35.417Z
1519,rosa.ali.1519@informationtechconsultants.co.uk,Rosa,Ali,USER,PYTHON,ENDING_SOON,Vertex Logistics,2024-07-30T12:00:15.482Z
1520,rosa.harris.1520@informationtechconsultants.co.uk,Rosa,Harris,USER,PYTHON,ENDING_SOON,Cedar Insurance,2023-05-05T13:53:45.835Z
1521,rosa.martin.1521@informationtechconsultants.co.uk,Rosa,Martin,USER,PYTHON,PLACED,Aurora Media,2025-11-01T08:54:38.988Z
1522,rosa.ahmed.1522@informationtechconsultants.co.uk,Rosa,Ahmed,USER,PYTHON,PLACED,Ember Mobility,2025-04-02T03:07:26.997Z
1523,rosa.cooper.1523@informationtechconsultants.co.uk,Rosa,Cooper,USER,PYTHON,PLACED,Summit Travel,2025-09-14T00:53:56.852Z
1524,rosa.foster.1524@informationtechconsultants.co.uk,Rosa,Foster,USER,PYTHON,PLACED,Oakline Public Sector,2024-11-24T18:36:57.301Z
1525,rosa.nair.1525@informationtechconsultants.co.uk,Rosa,Nair,USER,PYTHON,PLACED,Northstar Bank,2024-09-14T07:48:18.184Z
1526,rosa.bailey.1526@informationtechconsultants.co.uk,Rosa,Bailey,USER,PYTHON,PLACED,Atlas Retail,2025-03-09T00:52:16.369Z
1527,rosa.kim.1527@informationtechconsultants.co.uk,Rosa,Kim,USER,PYTHON,PLACED,Redwood Energy,2024-09-12T01:32:10.901Z
1528,rosa.ward.1528@informationtechconsultants.co.uk,Rosa,Ward,USER,PYTHON,PLACED,Horizon Health,2023-10-24T22:24:47.915Z
1529,rosa.malik.1529@informationtechconsultants.co.uk,Rosa,Malik,USER,PYTHON,PLACED,BluePeak Telecom,2024-07-05T00:20:05.867Z
1530,rosa.carter.1530@informationtechconsultants.co.uk,Rosa,Carter,USER,PYTHON,PLACED,Meridian Finance,2023-05-05T15:24:28.089Z
1531,rosa.santos.1531@informationtechconsultants.co.uk,Rosa,Santos,USER,PYTHON,PLACED,Vertex Logistics,2023-01-20T11:10:21.232Z
1532,rosa.cole.1532@informationtechconsultants.co.uk,Rosa,Cole,USER,PYTHON,PLACED,Cedar Insurance,2025-06-22T15:32:44.295Z
1533,rosa.lewis.1533@informationtechconsultants.co.uk,Rosa,Lewis,USER,PYTHON,PLACED,Aurora Media,2025-09-25T19:56:24.140Z
1534,rosa.mills.1534@informationtechconsultants.co.uk,Rosa,Mills,USER,PYTHON,PLACED,Ember Mobility,2024-05-24T16:12:39.374Z
1535,rosa.sen.1535@informationtechconsultants.co.uk,Rosa,Sen,USER,PYTHON,PLACED,Summit Travel,2026-03-31T11:56:46.162Z
1536,rosa.bell.1536@informationtechconsultants.co.uk,Rosa,Bell,USER,PYTHON,PLACED,Oakline Public Sector,2025-12-08T20:31:09.429Z
1537,rosa.davis.1537@informationtechconsultants.co.uk,Rosa,Davis,USER,PYTHON,PLACED,Northstar Bank,2024-11-17T09:17:33.206Z
1538,rosa.evans.1538@informationtechconsultants.co.uk,Rosa,Evans,USER,PYTHON,PLACED,Atlas Retail,2024-12-11T22:40:34.477Z
1539,rosa.williams.1539@informationtechconsultants.co.uk,Rosa,Williams,USER,PYTHON,PLACED,Redwood Energy,2023-04-02T08:25:32.122Z
1540,rosa.scott.1540@informationtechconsultants.co.uk,Rosa,Scott,USER,PYTHON,PLACED,Horizon Health,2023-12-24T08:59:18.627Z
1541,rosa.ibrahim.1541@informationtechconsultants.co.uk,Rosa,Ibrahim,USER,PYTHON,PLACED,BluePeak Telecom,2026-03-08T08:00:16.772Z
1542,rosa.mitchell.1542@informationtechconsultants.co.uk,Rosa,Mitchell,USER,PYTHON,PLACED,Meridian Finance,2023-10-21T08:31:50.168Z
1543,rosa.murphy.1543@informationtechconsultants.co.uk,Rosa,Murphy,USER,ANDROID,PLACED,Vertex Logistics,2024-11-20T08:57:04.341Z
1544,rosa.iqbal.1544@informationtechconsultants.co.uk,Rosa,Iqbal,USER,ANDROID,PLACED,Cedar Insurance,2023-03-19T08:34:54.294Z
1545,rosa.roberts.1545@informationtechconsultants.co.uk,Rosa,Roberts,USER,ANDROID,PLACED,Aurora Media,2023-07-06T09:01:18.661Z
1546,rosa.wright.1546@informationtechconsultants.co.uk,Rosa,Wright,USER,ANDROID,PLACED,Ember Mobility,2026-07-29T07:07:32.995Z
1547,rosa.cho.1547@informationtechconsultants.co.uk,Rosa,Cho,USER,ANDROID,PLACED,Summit Travel,2024-01-28T20:22:47.630Z
1548,rosa.parker.1548@informationtechconsultants.co.uk,Rosa,Parker,USER,ANDROID,PLACED,Oakline Public Sector,2026-07-06T22:49:23.271Z
1549,rosa.taylor.1549@informationtechconsultants.co.uk,Rosa,Taylor,USER,ANDROID,PLACED,Northstar Bank,2023-04-12T22:51:27.148Z
1550,rosa.nelson.1550@informationtechconsultants.co.uk,Rosa,Nelson,USER,ANDROID,PLACED,Atlas Retail,2023-01-07T16:55:40.519Z
1551,nathan.rahman.1551@informationtechconsultants.co.uk,Nathan,Rahman,USER,ANDROID,PLACED,Redwood Energy,2024-09-16T07:34:13.815Z
1552,nathan.morgan.1552@informationtechconsultants.co.uk,Nathan,Morgan,USER,ANDROID,PLACED,Horizon Health,2025-03-24T04:51:49.722Z
1553,nathan.shah.1553@informationtechconsultants.co.uk,Nathan,Shah,USER,ANDROID,PLACED,BluePeak Telecom,2024-11-12T19:44:50.795Z
1554,nathan.green.1554@informationtechconsultants.co.uk,Nathan,Green,USER,ANDROID,PLACED,Meridian Finance,2025-02-26T06:14:43.248Z
1555,nathan.patel.1555@informationtechconsultants.co.uk,Nathan,Patel,USER,ANDROID,PLACED,Vertex Logistics,2023-05-02T03:32:02.308Z
1556,nathan.reed.1556@informationtechconsultants.co.uk,Nathan,Reed,USER,ANDROID,PLACED,Cedar Insurance,2026-01-30T18:05:04.485Z
1557,nathan.hassan.1557@informationtechconsultants.co.uk,Nathan,Hassan,USER,ANDROID,PLACED,Aurora Media,2026-03-19T22:42:22.317Z
1558,nathan.brooks.1558@informationtechconsultants.co.uk,Nathan,Brooks,USER,ANDROID,PLACED,Ember Mobility,2025-05-10T19:54:15.854Z
1559,nathan.khan.1559@informationtechconsultants.co.uk,Nathan,Khan,USER,ANDROID,PLACED,Summit Travel,2026-04-10T01:38:39.180Z
1560,nathan.grant.1560@informationtechconsultants.co.uk,Nathan,Grant,USER,ANDROID,PLACED,Oakline Public Sector,2025-06-21T02:45:54.451Z
1561,nathan.clarke.1561@informationtechconsultants.co.uk,Nathan,Clarke,USER,ANDROID,PLACED,Northstar Bank,2025-06-07T00:56:45.693Z
1562,nathan.turner.1562@informationtechconsultants.co.uk,Nathan,Turner,USER,ANDROID,PLACED,Atlas Retail,2025-06-29T03:16:40.431Z
1563,nathan.okafor.1563@informationtechconsultants.co.uk,Nathan,Okafor,USER,ANDROID,PLACED,Redwood Energy,2026-02-23T07:32:08.149Z
1564,nathan.walsh.1564@informationtechconsultants.co.uk,Nathan,Walsh,USER,ANDROID,PLACED,Horizon Health,2023-10-23T23:14:12.828Z
1565,nathan.mahmood.1565@informationtechconsultants.co.uk,Nathan,Mahmood,USER,ANDROID,PLACED,BluePeak Telecom,2024-03-31T05:39:52.597Z
1566,nathan.bennett.1566@informationtechconsultants.co.uk,Nathan,Bennett,USER,ANDROID,PLACED,Meridian Finance,2024-06-13T12:42:56.656Z
1567,nathan.rossi.1567@informationtechconsultants.co.uk,Nathan,Rossi,USER,ANDROID,PLACED,Vertex Logistics,2024-04-21T21:13:42.049Z
1568,nathan.price.1568@informationtechconsultants.co.uk,Nathan,Price,USER,ANDROID,PLACED,Cedar Insurance,2023-01-28T22:33:35.069Z
1569,nathan.ali.1569@informationtechconsultants.co.uk,Nathan,Ali,USER,ANDROID,PLACED,Aurora Media,2026-01-12T00:34:33.156Z
1570,nathan.harris.1570@informationtechconsultants.co.uk,Nathan,Harris,USER,ANDROID,PLACED,Ember Mobility,2023-04-16T17:42:46.044Z
1571,nathan.martin.1571@informationtechconsultants.co.uk,Nathan,Martin,USER,ANDROID,PLACED,Summit Travel,2023-04-03T03:38:09.512Z
1572,nathan.ahmed.1572@informationtechconsultants.co.uk,Nathan,Ahmed,USER,ANDROID,PLACED,Oakline Public Sector,2026-05-28T14:05:49.822Z
1573,nathan.cooper.1573@informationtechconsultants.co.uk,Nathan,Cooper,USER,ANDROID,PLACED,Northstar Bank,2026-01-25T03:30:52.980Z
1574,nathan.foster.1574@informationtechconsultants.co.uk,Nathan,Foster,USER,ANDROID,PLACED,Atlas Retail,2023-10-06T11:59:10.494Z
1575,nathan.nair.1575@informationtechconsultants.co.uk,Nathan,Nair,USER,ANDROID,PLACED,Redwood Energy,2024-12-11T20:14:36.017Z
1576,nathan.bailey.1576@informationtechconsultants.co.uk,Nathan,Bailey,USER,DATA,AVAILABLE,,2025-08-02T17:10:05.896Z
1577,nathan.kim.1577@informationtechconsultants.co.uk,Nathan,Kim,USER,DATA,AVAILABLE,,2025-08-14T13:51:25.077Z
1578,nathan.ward.1578@informationtechconsultants.co.uk,Nathan,Ward,USER,DATA,AVAILABLE,,2024-05-31T15:25:01.710Z
1579,nathan.malik.1579@informationtechconsultants.co.uk,Nathan,Malik,USER,DATA,AVAILABLE,,2025-07-30T07:07:04.752Z
1580,nathan.carter.1580@informationtechconsultants.co.uk,Nathan,Carter,USER,DATA,AVAILABLE,,2025-03-14T17:31:31.948Z
1581,nathan.santos.1581@informationtechconsultants.co.uk,Nathan,Santos,USER,DATA,AVAILABLE,,2023-08-27T09:06:31.053Z
1582,nathan.cole.1582@informationtechconsultants.co.uk,Nathan,Cole,USER,DATA,AVAILABLE,,2025-11-16T08:21:14.268Z
1583,nathan.lewis.1583@informationtechconsultants.co.uk,Nathan,Lewis,USER,DATA,AVAILABLE,,2023-08-08T15:39:39.151Z
1584,nathan.mills.1584@informationtechconsultants.co.uk,Nathan,Mills,USER,DATA,AVAILABLE,,2024-06-12T15:13:35.750Z
1585,nathan.sen.1585@informationtechconsultants.co.uk,Nathan,Sen,USER,DATA,AVAILABLE,,2025-09-20T23:41:43.296Z
1586,nathan.bell.1586@informationtechconsultants.co.uk,Nathan,Bell,USER,DATA,AVAILABLE,,2024-10-04T10:32:12.872Z
1587,nathan.davis.1587@informationtechconsultants.co.uk,Nathan,Davis,USER,DATA,AVAILABLE,,2024-09-06T23:15:22.835Z
1588,nathan.evans.1588@informationtechconsultants.co.uk,Nathan,Evans,USER,DATA,AVAILABLE,,2024-04-30T08:27:52.250Z
1589,nathan.williams.1589@informationtechconsultants.co.uk,Nathan,Williams,USER,DATA,AVAILABLE,,2026-05-12T01:23:46.682Z
1590,nathan.scott.1590@informationtechconsultants.co.uk,Nathan,Scott,USER,DATA,ENDING_SOON,Meridian Finance,2026-04-27T04:20:04.495Z
1591,nathan.ibrahim.1591@informationtechconsultants.co.uk,Nathan,Ibrahim,USER,DATA,ENDING_SOON,Vertex Logistics,2023-01-26T07:57:25.273Z
1592,nathan.mitchell.1592@informationtechconsultants.co.uk,Nathan,Mitchell,USER,DATA,ENDING_SOON,Cedar Insurance,2023-10-25T16:56:58.194Z
1593,nathan.murphy.1593@informationtechconsultants.co.uk,Nathan,Murphy,USER,DATA,ENDING_SOON,Aurora Media,2025-09-05T16:34:16.948Z
1594,nathan.iqbal.1594@informationtechconsultants.co.uk,Nathan,Iqbal,USER,DATA,ENDING_SOON,Ember Mobility,2026-03-17T08:10:16.698Z
1595,nathan.roberts.1595@informationtechconsultants.co.uk,Nathan,Roberts,USER,DATA,ENDING_SOON,Summit Travel,2025-05-01T22:04:13.411Z
1596,nathan.wright.1596@informationtechconsultants.co.uk,Nathan,Wright,USER,DATA,ENDING_SOON,Oakline Public Sector,2024-03-04T16:34:24.339Z
1597,nathan.cho.1597@informationtechconsultants.co.uk,Nathan,Cho,USER,DATA,ENDING_SOON,Northstar Bank,2023-12-10T09:48:59.336Z
1598,nathan.parker.1598@informationtechconsultants.co.uk,Nathan,Parker,USER,DATA,ENDING_SOON,Atlas Retail,2026-01-16T00:16:22.180Z
1599,nathan.taylor.1599@informationtechconsultants.co.uk,Nathan,Taylor,USER,DATA,ENDING_SOON,Redwood Energy,2025-04-28T21:07:53.414Z
1600,nathan.nelson.1600@informationtechconsultants.co.uk,Nathan,Nelson,USER,DATA,ENDING_SOON,Horizon Health,2026-02-07T22:00:05.188Z
1601,imani.rahman.1601@informationtechconsultants.co.uk,Imani,Rahman,USER,PYTHON,PLACED,BluePeak Telecom,2024-08-13T02:59:40.710Z
1602,imani.morgan.1602@informationtechconsultants.co.uk,Imani,Morgan,USER,PYTHON,PLACED,Meridian Finance,2023-01-24T06:38:33.966Z
1603,imani.shah.1603@informationtechconsultants.co.uk,Imani,Shah,USER,PYTHON,PLACED,Vertex Logistics,2024-01-24T19:22:47.843Z
1604,imani.green.1604@informationtechconsultants.co.uk,Imani,Green,USER,PYTHON,PLACED,Cedar Insurance,2024-02-14T19:21:20.810Z
1605,imani.patel.1605@informationtechconsultants.co.uk,Imani,Patel,USER,PYTHON,PLACED,Aurora Media,2025-05-04T11:12:04.213Z
1606,imani.reed.1606@informationtechconsultants.co.uk,Imani,Reed,USER,PYTHON,PLACED,Ember Mobility,2023-06-20T05:19:34.649Z
1607,imani.hassan.1607@informationtechconsultants.co.uk,Imani,Hassan,USER,PYTHON,PLACED,Summit Travel,2023-10-09T17:12:04.969Z
1608,imani.brooks.1608@informationtechconsultants.co.uk,Imani,Brooks,USER,PYTHON,PLACED,Oakline Public Sector,2024-03-30T10:25:24.191Z
1609,imani.khan.1609@informationtechconsultants.co.uk,Imani,Khan,USER,PYTHON,PLACED,Northstar Bank,2025-06-26T16:13:39.474Z
1610,imani.grant.1610@informationtechconsultants.co.uk,Imani,Grant,USER,PYTHON,PLACED,Atlas Retail,2024-07-26T12:28:38.607Z
1611,imani.clarke.1611@informationtechconsultants.co.uk,Imani,Clarke,USER,PYTHON,PLACED,Redwood Energy,2024-03-24T14:46:10.951Z
1612,imani.turner.1612@informationtechconsultants.co.uk,Imani,Turner,USER,PYTHON,PLACED,Horizon Health,2023-08-18T23:36:29.434Z
1613,imani.okafor.1613@informationtechconsultants.co.uk,Imani,Okafor,USER,PYTHON,PLACED,BluePeak Telecom,2026-07-16T13:20:32.675Z
1614,imani.walsh.1614@informationtechconsultants.co.uk,Imani,Walsh,USER,PYTHON,PLACED,Meridian Finance,2025-09-12T15:53:23.264Z
1615,imani.mahmood.1615@informationtechconsultants.co.uk,Imani,Mahmood,USER,PYTHON,PLACED,Vertex Logistics,2025-09-29T03:34:27.183Z
1616,imani.bennett.1616@informationtechconsultants.co.uk,Imani,Bennett,USER,PYTHON,PLACED,Cedar Insurance,2023-01-04T17:09:36.741Z
1617,imani.rossi.1617@informationtechconsultants.co.uk,Imani,Rossi,USER,PYTHON,PLACED,Aurora Media,2026-07-20T05:09:16.367Z
1618,imani.price.1618@informationtechconsultants.co.uk,Imani,Price,USER,PYTHON,PLACED,Ember Mobility,2024-03-21T12:28:52.656Z
1619,imani.ali.1619@informationtechconsultants.co.uk,Imani,Ali,USER,PYTHON,PLACED,Summit Travel,2025-02-01T01:38:39.701Z
1620,imani.harris.1620@informationtechconsultants.co.uk,Imani,Harris,USER,PYTHON,PLACED,Oakline Public Sector,2023-06-06T02:16:43.633Z
1621,imani.martin.1621@informationtechconsultants.co.uk,Imani,Martin,USER,PYTHON,PLACED,Northstar Bank,2026-07-14T08:48:49.674Z
1622,imani.ahmed.1622@informationtechconsultants.co.uk,Imani,Ahmed,USER,PYTHON,PLACED,Atlas Retail,2024-11-23T09:23:28.998Z
1623,imani.cooper.1623@informationtechconsultants.co.uk,Imani,Cooper,USER,PYTHON,PLACED,Redwood Energy,2023-08-02T19:10:41.303Z
1624,imani.foster.1624@informationtechconsultants.co.uk,Imani,Foster,USER,PYTHON,PLACED,Horizon Health,2025-11-17T15:22:18.776Z
1625,imani.nair.1625@informationtechconsultants.co.uk,Imani,Nair,USER,PYTHON,PLACED,BluePeak Telecom,2024-11-18T07:32:13.134Z
1626,imani.bailey.1626@informationtechconsultants.co.uk,Imani,Bailey,USER,PYTHON,PLACED,Meridian Finance,2023-09-10T09:44:05.269Z
1627,imani.kim.1627@informationtechconsultants.co.uk,Imani,Kim,USER,PYTHON,PLACED,Vertex Logistics,2023-10-29T17:45:42.894Z
1628,imani.ward.1628@informationtechconsultants.co.uk,Imani,Ward,USER,PYTHON,PLACED,Cedar Insurance,2025-06-17T19:29:39.685Z
1629,imani.malik.1629@informationtechconsultants.co.uk,Imani,Malik,USER,PYTHON,PLACED,Aurora Media,2023-12-06T09:29:03.515Z
1630,imani.carter.1630@informationtechconsultants.co.uk,Imani,Carter,USER,PYTHON,PLACED,Ember Mobility,2024-01-28T14:06:12.642Z
1631,imani.santos.1631@informationtechconsultants.co.uk,Imani,Santos,USER,PYTHON,PLACED,Summit Travel,2023-07-19T05:08:17.701Z
1632,imani.cole.1632@informationtechconsultants.co.uk,Imani,Cole,USER,PYTHON,PLACED,Oakline Public Sector,2026-07-04T17:44:05.055Z
1633,imani.lewis.1633@informationtechconsultants.co.uk,Imani,Lewis,USER,PYTHON,PLACED,Northstar Bank,2024-01-26T17:02:36.226Z
1634,imani.mills.1634@informationtechconsultants.co.uk,Imani,Mills,USER,PYTHON,PLACED,Atlas Retail,2023-01-03T20:25:00.036Z
1635,imani.sen.1635@informationtechconsultants.co.uk,Imani,Sen,USER,PYTHON,PLACED,Redwood Energy,2023-07-07T03:11:36.113Z
1636,imani.bell.1636@informationtechconsultants.co.uk,Imani,Bell,USER,PYTHON,PLACED,Horizon Health,2023-06-12T02:38:57.654Z
1637,imani.davis.1637@informationtechconsultants.co.uk,Imani,Davis,USER,PYTHON,PLACED,BluePeak Telecom,2026-01-06T05:10:17.718Z
1638,imani.evans.1638@informationtechconsultants.co.uk,Imani,Evans,USER,PYTHON,PLACED,Meridian Finance,2023-04-25T23:45:06.553Z
1639,imani.williams.1639@informationtechconsultants.co.uk,Imani,Williams,USER,PYTHON,PLACED,Vertex Logistics,2024-12-25T09:37:23.406Z
1640,imani.scott.1640@informationtechconsultants.co.uk,Imani,Scott,USER,PYTHON,PLACED,Cedar Insurance,2023-09-11T05:36:37.604Z
1641,imani.ibrahim.1641@informationtechconsultants.co.uk,Imani,Ibrahim,USER,PYTHON,PLACED,Aurora Media,2025-01-07T14:55:35.226Z
1642,imani.mitchell.1642@informationtechconsultants.co.uk,Imani,Mitchell,USER,PYTHON,PLACED,Ember Mobility,2023-07-15T16:26:51.392Z
1643,imani.murphy.1643@informationtechconsultants.co.uk,Imani,Murphy,USER,ANDROID,PLACED,Summit Travel,2025-04-14T10:28:16.322Z
1644,imani.iqbal.1644@informationtechconsultants.co.uk,Imani,Iqbal,USER,ANDROID,PLACED,Oakline Public Sector,2023-08-04T11:31:46.790Z
1645,imani.roberts.1645@informationtechconsultants.co.uk,Imani,Roberts,USER,ANDROID,PLACED,Northstar Bank,2023-06-19T00:35:03.846Z
1646,imani.wright.1646@informationtechconsultants.co.uk,Imani,Wright,USER,ANDROID,PLACED,Atlas Retail,2024-11-11T05:10:30.642Z
1647,imani.cho.1647@informationtechconsultants.co.uk,Imani,Cho,USER,ANDROID,PLACED,Redwood Energy,2023-09-12T10:16:21.203Z
1648,imani.parker.1648@informationtechconsultants.co.uk,Imani,Parker,USER,ANDROID,PLACED,Horizon Health,2025-11-18T07:42:23.145Z
1649,imani.taylor.1649@informationtechconsultants.co.uk,Imani,Taylor,USER,ANDROID,PLACED,BluePeak Telecom,2024-06-07T16:09:37.799Z
1650,imani.nelson.1650@informationtechconsultants.co.uk,Imani,Nelson,USER,ANDROID,PLACED,Meridian Finance,2023-11-14T21:30:08.709Z
1651,george.rahman.1651@informationtechconsultants.co.uk,George,Rahman,USER,ANDROID,PLACED,Vertex Logistics,2023-01-18T00:04:08.306Z
1652,george.morgan.1652@informationtechconsultants.co.uk,George,Morgan,USER,ANDROID,PLACED,Cedar Insurance,2023-08-21T22:06:19.778Z
1653,george.shah.1653@informationtechconsultants.co.uk,George,Shah,USER,ANDROID,PLACED,Aurora Media,2024-02-15T03:42:07.744Z
1654,george.green.1654@informationtechconsultants.co.uk,George,Green,USER,ANDROID,PLACED,Ember Mobility,2026-03-25T07:17:29.837Z
1655,george.patel.1655@informationtechconsultants.co.uk,George,Patel,USER,ANDROID,PLACED,Summit Travel,2024-10-12T13:19:10.280Z
1656,george.reed.1656@informationtechconsultants.co.uk,George,Reed,USER,ANDROID,AVAILABLE,,2023-05-26T21:46:37.776Z
1657,george.hassan.1657@informationtechconsultants.co.uk,George,Hassan,USER,ANDROID,AVAILABLE,,2024-10-19T07:53:16.278Z
1658,george.brooks.1658@informationtechconsultants.co.uk,George,Brooks,USER,ANDROID,AVAILABLE,,2023-09-29T04:52:00.963Z
1659,george.khan.1659@informationtechconsultants.co.uk,George,Khan,USER,ANDROID,AVAILABLE,,2025-12-01T10:16:12.899Z
1660,george.grant.1660@informationtechconsultants.co.uk,George,Grant,USER,ANDROID,AVAILABLE,,2024-11-17T02:49:36.897Z
1661,george.clarke.1661@informationtechconsultants.co.uk,George,Clarke,USER,ANDROID,AVAILABLE,,2024-05-23T18:34:03.312Z
1662,george.turner.1662@informationtechconsultants.co.uk,George,Turner,USER,ANDROID,AVAILABLE,,2024-12-28T07:18:24.242Z
1663,george.okafor.1663@informationtechconsultants.co.uk,George,Okafor,USER,ANDROID,AVAILABLE,,2024-03-28T19:53:47.761Z
1664,george.walsh.1664@informationtechconsultants.co.uk,George,Walsh,USER,ANDROID,AVAILABLE,,2024-03-17T10:08:35.705Z
1665,george.mahmood.1665@informationtechconsultants.co.uk,George,Mahmood,USER,ANDROID,AVAILABLE,,2023-01-11T14:31:42.495Z
1666,george.bennett.1666@informationtechconsultants.co.uk,George,Bennett,USER,ANDROID,AVAILABLE,,2023-11-24T17:06:35.050Z
1667,george.rossi.1667@informationtechconsultants.co.uk,George,Rossi,USER,ANDROID,AVAILABLE,,2023-12-04T07:05:48.393Z
1668,george.price.1668@informationtechconsultants.co.uk,George,Price,USER,ANDROID,AVAILABLE,,2026-07-18T14:04:55.824Z
1669,george.ali.1669@informationtechconsultants.co.uk,George,Ali,USER,ANDROID,AVAILABLE,,2024-10-08T02:07:39.047Z
1670,george.harris.1670@informationtechconsultants.co.uk,George,Harris,USER,ANDROID,ENDING_SOON,Atlas Retail,2025-09-02T17:54:57.115Z
1671,george.martin.1671@informationtechconsultants.co.uk,George,Martin,USER,ANDROID,ENDING_SOON,Redwood Energy,2024-07-14T22:23:48.809Z
1672,george.ahmed.1672@informationtechconsultants.co.uk,George,Ahmed,USER,ANDROID,ENDING_SOON,Horizon Health,2026-02-25T23:10:41.459Z
1673,george.cooper.1673@informationtechconsultants.co.uk,George,Cooper,USER,ANDROID,ENDING_SOON,BluePeak Telecom,2024-01-21T11:56:24.531Z
1674,george.foster.1674@informationtechconsultants.co.uk,George,Foster,USER,ANDROID,ENDING_SOON,Meridian Finance,2023-08-03T00:45:21.810Z
1675,george.nair.1675@informationtechconsultants.co.uk,George,Nair,USER,ANDROID,ENDING_SOON,Vertex Logistics,2024-02-22T09:33:59.597Z
1676,george.bailey.1676@informationtechconsultants.co.uk,George,Bailey,USER,DATA,ENDING_SOON,Cedar Insurance,2026-02-25T21:27:15.038Z
1677,george.kim.1677@informationtechconsultants.co.uk,George,Kim,USER,DATA,ENDING_SOON,Aurora Media,2024-01-04T22:38:40.431Z
1678,george.ward.1678@informationtechconsultants.co.uk,George,Ward,USER,DATA,ENDING_SOON,Ember Mobility,2023-02-26T22:19:02.180Z
1679,george.malik.1679@informationtechconsultants.co.uk,George,Malik,USER,DATA,ENDING_SOON,Summit Travel,2024-04-03T02:07:53.335Z
1680,george.carter.1680@informationtechconsultants.co.uk,George,Carter,USER,DATA,ENDING_SOON,Oakline Public Sector,2026-04-13T21:05:27.199Z
1681,george.santos.1681@informationtechconsultants.co.uk,George,Santos,USER,DATA,PLACED,Northstar Bank,2025-09-16T23:00:04.458Z
1682,george.cole.1682@informationtechconsultants.co.uk,George,Cole,USER,DATA,PLACED,Atlas Retail,2024-11-21T22:20:57.124Z
1683,george.lewis.1683@informationtechconsultants.co.uk,George,Lewis,USER,DATA,PLACED,Redwood Energy,2024-11-01T03:00:21.927Z
1684,george.mills.1684@informationtechconsultants.co.uk,George,Mills,USER,DATA,PLACED,Horizon Health,2025-12-14T00:08:31.096Z
1685,george.sen.1685@informationtechconsultants.co.uk,George,Sen,USER,DATA,PLACED,BluePeak Telecom,2024-02-03T18:14:22.273Z
1686,george.bell.1686@informationtechconsultants.co.uk,George,Bell,USER,DATA,PLACED,Meridian Finance,2026-02-24T11:06:49.271Z
1687,george.davis.1687@informationtechconsultants.co.uk,George,Davis,USER,DATA,PLACED,Vertex Logistics,2023-02-05T19:12:24.199Z
1688,george.evans.1688@informationtechconsultants.co.uk,George,Evans,USER,DATA,PLACED,Cedar Insurance,2025-07-19T23:46:51.764Z
1689,george.williams.1689@informationtechconsultants.co.uk,George,Williams,USER,DATA,PLACED,Aurora Media,2023-11-08T21:32:08.513Z
1690,george.scott.1690@informationtechconsultants.co.uk,George,Scott,USER,DATA,PLACED,Ember Mobility,2023-06-10T10:55:11.149Z
1691,george.ibrahim.1691@informationtechconsultants.co.uk,George,Ibrahim,USER,DATA,PLACED,Summit Travel,2025-01-24T15:40:14.130Z
1692,george.mitchell.1692@informationtechconsultants.co.uk,George,Mitchell,USER,DATA,PLACED,Oakline Public Sector,2024-11-11T07:17:46.798Z
1693,george.murphy.1693@informationtechconsultants.co.uk,George,Murphy,USER,DATA,PLACED,Northstar Bank,2026-03-07T18:20:39.052Z
1694,george.iqbal.1694@informationtechconsultants.co.uk,George,Iqbal,USER,DATA,PLACED,Atlas Retail,2024-07-22T21:22:11.357Z
1695,george.roberts.1695@informationtechconsultants.co.uk,George,Roberts,USER,DATA,PLACED,Redwood Energy,2025-10-06T18:23:22.356Z
1696,george.wright.1696@informationtechconsultants.co.uk,George,Wright,USER,DATA,PLACED,Horizon Health,2023-01-02T04:36:00.526Z
1697,george.cho.1697@informationtechconsultants.co.uk,George,Cho,USER,DATA,PLACED,BluePeak Telecom,2024-06-23T23:06:10.753Z
1698,george.parker.1698@informationtechconsultants.co.uk,George,Parker,USER,DATA,PLACED,Meridian Finance,2023-09-18T02:37:23.170Z
1699,george.taylor.1699@informationtechconsultants.co.uk,George,Taylor,USER,DATA,PLACED,Vertex Logistics,2024-05-06T13:53:45.159Z
1700,george.nelson.1700@informationtechconsultants.co.uk,George,Nelson,USER,DATA,PLACED,Cedar Insurance,2025-04-02T12:03:28.404Z
1701,anika.rahman.1701@informationtechconsultants.co.uk,Anika,Rahman,USER,PYTHON,PLACED,Aurora Media,2026-02-02T23:26:50.340Z
1702,anika.morgan.1702@informationtechconsultants.co.uk,Anika,Morgan,USER,PYTHON,PLACED,Ember Mobility,2025-04-16T04:13:07.116Z
1703,anika.shah.1703@informationtechconsultants.co.uk,Anika,Shah,USER,PYTHON,PLACED,Summit Travel,2024-03-26T05:40:29.786Z
1704,anika.green.1704@informationtechconsultants.co.uk,Anika,Green,USER,PYTHON,PLACED,Oakline Public Sector,2026-07-20T14:25:21.034Z
1705,anika.patel.1705@informationtechconsultants.co.uk,Anika,Patel,USER,PYTHON,PLACED,Northstar Bank,2023-05-13T19:43:31.914Z
1706,anika.reed.1706@informationtechconsultants.co.uk,Anika,Reed,USER,PYTHON,PLACED,Atlas Retail,2024-09-03T10:47:05.496Z
1707,anika.hassan.1707@informationtechconsultants.co.uk,Anika,Hassan,USER,PYTHON,PLACED,Redwood Energy,2025-02-21T22:18:34.936Z
1708,anika.brooks.1708@informationtechconsultants.co.uk,Anika,Brooks,USER,PYTHON,PLACED,Horizon Health,2023-04-05T20:44:41.801Z
1709,anika.khan.1709@informationtechconsultants.co.uk,Anika,Khan,USER,PYTHON,PLACED,BluePeak Telecom,2023-09-07T03:39:21.599Z
1710,anika.grant.1710@informationtechconsultants.co.uk,Anika,Grant,USER,PYTHON,PLACED,Meridian Finance,2023-03-14T00:24:28.478Z
1711,anika.clarke.1711@informationtechconsultants.co.uk,Anika,Clarke,USER,PYTHON,PLACED,Vertex Logistics,2023-09-09T21:23:44.168Z
1712,anika.turner.1712@informationtechconsultants.co.uk,Anika,Turner,USER,PYTHON,PLACED,Cedar Insurance,2024-05-09T18:17:53.204Z
1713,anika.okafor.1713@informationtechconsultants.co.uk,Anika,Okafor,USER,PYTHON,PLACED,Aurora Media,2025-05-27T02:10:25.247Z
1714,anika.walsh.1714@informationtechconsultants.co.uk,Anika,Walsh,USER,PYTHON,PLACED,Ember Mobility,2025-01-03T16:55:10.824Z
1715,anika.mahmood.1715@informationtechconsultants.co.uk,Anika,Mahmood,USER,PYTHON,PLACED,Summit Travel,2024-01-30T01:12:26.520Z
1716,anika.bennett.1716@informationtechconsultants.co.uk,Anika,Bennett,USER,PYTHON,PLACED,Oakline Public Sector,2024-10-30T22:34:12.809Z
1717,anika.rossi.1717@informationtechconsultants.co.uk,Anika,Rossi,USER,PYTHON,PLACED,Northstar Bank,2026-02-20T12:47:53.216Z
1718,anika.price.1718@informationtechconsultants.co.uk,Anika,Price,USER,PYTHON,PLACED,Atlas Retail,2025-10-28T15:32:05.808Z
1719,anika.ali.1719@informationtechconsultants.co.uk,Anika,Ali,USER,PYTHON,PLACED,Redwood Energy,2024-08-28T19:45:48.974Z
1720,anika.harris.1720@informationtechconsultants.co.uk,Anika,Harris,USER,PYTHON,PLACED,Horizon Health,2023-05-24T09:09:43.149Z
1721,anika.martin.1721@informationtechconsultants.co.uk,Anika,Martin,USER,PYTHON,PLACED,BluePeak Telecom,2025-08-13T02:37:08.817Z
1722,anika.ahmed.1722@informationtechconsultants.co.uk,Anika,Ahmed,USER,PYTHON,PLACED,Meridian Finance,2026-01-08T16:32:50.714Z
1723,anika.cooper.1723@informationtechconsultants.co.uk,Anika,Cooper,USER,PYTHON,PLACED,Vertex Logistics,2025-12-20T19:24:15.926Z
1724,anika.foster.1724@informationtechconsultants.co.uk,Anika,Foster,USER,PYTHON,PLACED,Cedar Insurance,2024-10-16T21:37:32.618Z
1725,anika.nair.1725@informationtechconsultants.co.uk,Anika,Nair,USER,PYTHON,PLACED,Aurora Media,2025-01-15T17:45:13.438Z
1726,anika.bailey.1726@informationtechconsultants.co.uk,Anika,Bailey,USER,PYTHON,PLACED,Ember Mobility,2025-12-10T00:11:07.054Z
1727,anika.kim.1727@informationtechconsultants.co.uk,Anika,Kim,USER,PYTHON,PLACED,Summit Travel,2023-01-21T02:20:04.280Z
1728,anika.ward.1728@informationtechconsultants.co.uk,Anika,Ward,USER,PYTHON,PLACED,Oakline Public Sector,2025-11-29T07:04:49.667Z
1729,anika.malik.1729@informationtechconsultants.co.uk,Anika,Malik,USER,PYTHON,PLACED,Northstar Bank,2026-01-30T23:17:02.850Z
1730,anika.carter.1730@informationtechconsultants.co.uk,Anika,Carter,USER,PYTHON,PLACED,Atlas Retail,2025-09-25T13:47:15.922Z
1731,anika.santos.1731@informationtechconsultants.co.uk,Anika,Santos,USER,PYTHON,PLACED,Redwood Energy,2024-10-19T15:25:33.193Z
1732,anika.cole.1732@informationtechconsultants.co.uk,Anika,Cole,USER,PYTHON,PLACED,Horizon Health,2024-06-27T20:39:12.569Z
1733,anika.lewis.1733@informationtechconsultants.co.uk,Anika,Lewis,USER,PYTHON,PLACED,BluePeak Telecom,2026-04-19T02:54:34.157Z
1734,anika.mills.1734@informationtechconsultants.co.uk,Anika,Mills,USER,PYTHON,PLACED,Meridian Finance,2025-10-26T13:01:45.481Z
1735,anika.sen.1735@informationtechconsultants.co.uk,Anika,Sen,USER,PYTHON,PLACED,Vertex Logistics,2025-10-17T18:17:22.768Z
1736,anika.bell.1736@informationtechconsultants.co.uk,Anika,Bell,USER,PYTHON,AVAILABLE,,2023-02-02T12:21:58.967Z
1737,anika.davis.1737@informationtechconsultants.co.uk,Anika,Davis,USER,PYTHON,AVAILABLE,,2026-01-06T04:59:38.136Z
1738,anika.evans.1738@informationtechconsultants.co.uk,Anika,Evans,USER,PYTHON,AVAILABLE,,2024-10-25T20:19:21.966Z
1739,anika.williams.1739@informationtechconsultants.co.uk,Anika,Williams,USER,PYTHON,AVAILABLE,,2026-03-19T15:57:15.492Z
1740,anika.scott.1740@informationtechconsultants.co.uk,Anika,Scott,USER,PYTHON,AVAILABLE,,2024-03-02T04:17:35.284Z
1741,anika.ibrahim.1741@informationtechconsultants.co.uk,Anika,Ibrahim,USER,PYTHON,AVAILABLE,,2025-05-05T08:06:16.194Z
1742,anika.mitchell.1742@informationtechconsultants.co.uk,Anika,Mitchell,USER,PYTHON,AVAILABLE,,2023-06-20T03:06:37.425Z
1743,anika.murphy.1743@informationtechconsultants.co.uk,Anika,Murphy,USER,ANDROID,AVAILABLE,,2025-01-20T14:38:35.190Z
1744,anika.iqbal.1744@informationtechconsultants.co.uk,Anika,Iqbal,USER,ANDROID,AVAILABLE,,2023-12-02T20:37:59.853Z
1745,anika.roberts.1745@informationtechconsultants.co.uk,Anika,Roberts,USER,ANDROID,AVAILABLE,,2023-05-26T21:10:53.214Z
1746,anika.wright.1746@informationtechconsultants.co.uk,Anika,Wright,USER,ANDROID,AVAILABLE,,2024-07-26T19:02:05.095Z
1747,anika.cho.1747@informationtechconsultants.co.uk,Anika,Cho,USER,ANDROID,AVAILABLE,,2025-10-18T23:47:20.931Z
1748,anika.parker.1748@informationtechconsultants.co.uk,Anika,Parker,USER,ANDROID,AVAILABLE,,2023-12-28T19:01:33.214Z
1749,anika.taylor.1749@informationtechconsultants.co.uk,Anika,Taylor,USER,ANDROID,AVAILABLE,,2026-05-20T23:17:51.065Z
1750,anika.nelson.1750@informationtechconsultants.co.uk,Anika,Nelson,USER,ANDROID,ENDING_SOON,Ember Mobility,2025-11-12T08:59:55.750Z
1751,ryan.rahman.1751@informationtechconsultants.co.uk,Ryan,Rahman,USER,ANDROID,ENDING_SOON,Summit Travel,2023-06-03T23:44:56.435Z
1752,ryan.morgan.1752@informationtechconsultants.co.uk,Ryan,Morgan,USER,ANDROID,ENDING_SOON,Oakline Public Sector,2023-08-22T04:23:34.270Z
1753,ryan.shah.1753@informationtechconsultants.co.uk,Ryan,Shah,USER,ANDROID,ENDING_SOON,Northstar Bank,2025-12-02T20:06:31.832Z
1754,ryan.green.1754@informationtechconsultants.co.uk,Ryan,Green,USER,ANDROID,ENDING_SOON,Atlas Retail,2026-07-16T09:50:33.123Z
1755,ryan.patel.1755@informationtechconsultants.co.uk,Ryan,Patel,USER,ANDROID,ENDING_SOON,Redwood Energy,2024-02-20T11:05:50.953Z
1756,ryan.reed.1756@informationtechconsultants.co.uk,Ryan,Reed,USER,ANDROID,ENDING_SOON,Horizon Health,2025-12-03T15:06:10.589Z
1757,ryan.hassan.1757@informationtechconsultants.co.uk,Ryan,Hassan,USER,ANDROID,ENDING_SOON,BluePeak Telecom,2025-08-09T03:13:02.211Z
1758,ryan.brooks.1758@informationtechconsultants.co.uk,Ryan,Brooks,USER,ANDROID,ENDING_SOON,Meridian Finance,2024-01-07T16:46:38.032Z
1759,ryan.khan.1759@informationtechconsultants.co.uk,Ryan,Khan,USER,ANDROID,ENDING_SOON,Vertex Logistics,2024-11-09T20:48:36.936Z
1760,ryan.grant.1760@informationtechconsultants.co.uk,Ryan,Grant,USER,ANDROID,ENDING_SOON,Cedar Insurance,2024-06-29T14:31:30.449Z
1761,ryan.clarke.1761@informationtechconsultants.co.uk,Ryan,Clarke,USER,ANDROID,PLACED,Aurora Media,2025-02-12T13:38:00.466Z
1762,ryan.turner.1762@informationtechconsultants.co.uk,Ryan,Turner,USER,ANDROID,PLACED,Ember Mobility,2023-11-15T22:10:25.320Z
1763,ryan.okafor.1763@informationtechconsultants.co.uk,Ryan,Okafor,USER,ANDROID,PLACED,Summit Travel,2023-06-30T20:28:40.376Z
1764,ryan.walsh.1764@informationtechconsultants.co.uk,Ryan,Walsh,USER,ANDROID,PLACED,Oakline Public Sector,2024-12-04T18:18:46.241Z
1765,ryan.mahmood.1765@informationtechconsultants.co.uk,Ryan,Mahmood,USER,ANDROID,PLACED,Northstar Bank,2023-09-08T01:57:08.999Z
1766,ryan.bennett.1766@informationtechconsultants.co.uk,Ryan,Bennett,USER,ANDROID,PLACED,Atlas Retail,2025-04-13T15:51:54.870Z
1767,ryan.rossi.1767@informationtechconsultants.co.uk,Ryan,Rossi,USER,ANDROID,PLACED,Redwood Energy,2026-07-10T17:49:26.971Z
1768,ryan.price.1768@informationtechconsultants.co.uk,Ryan,Price,USER,ANDROID,PLACED,Horizon Health,2025-06-17T13:42:06.883Z
1769,ryan.ali.1769@informationtechconsultants.co.uk,Ryan,Ali,USER,ANDROID,PLACED,BluePeak Telecom,2024-09-17T11:49:12.684Z
1770,ryan.harris.1770@informationtechconsultants.co.uk,Ryan,Harris,USER,ANDROID,PLACED,Meridian Finance,2025-03-19T07:41:46.649Z
1771,ryan.martin.1771@informationtechconsultants.co.uk,Ryan,Martin,USER,ANDROID,PLACED,Vertex Logistics,2026-01-24T14:43:15.815Z
1772,ryan.ahmed.1772@informationtechconsultants.co.uk,Ryan,Ahmed,USER,ANDROID,PLACED,Cedar Insurance,2025-04-15T04:56:22.714Z
1773,ryan.cooper.1773@informationtechconsultants.co.uk,Ryan,Cooper,USER,ANDROID,PLACED,Aurora Media,2023-03-15T07:24:04.142Z
1774,ryan.foster.1774@informationtechconsultants.co.uk,Ryan,Foster,USER,ANDROID,PLACED,Ember Mobility,2026-02-12T17:25:16.468Z
1775,ryan.nair.1775@informationtechconsultants.co.uk,Ryan,Nair,USER,ANDROID,PLACED,Summit Travel,2025-08-26T18:29:37.960Z
1776,ryan.bailey.1776@informationtechconsultants.co.uk,Ryan,Bailey,USER,DATA,PLACED,Oakline Public Sector,2025-09-30T14:43:55.134Z
1777,ryan.kim.1777@informationtechconsultants.co.uk,Ryan,Kim,USER,DATA,PLACED,Northstar Bank,2023-02-14T19:55:09.315Z
1778,ryan.ward.1778@informationtechconsultants.co.uk,Ryan,Ward,USER,DATA,PLACED,Atlas Retail,2024-03-25T07:03:08.611Z
1779,ryan.malik.1779@informationtechconsultants.co.uk,Ryan,Malik,USER,DATA,PLACED,Redwood Energy,2023-03-04T09:48:29.582Z
1780,ryan.carter.1780@informationtechconsultants.co.uk,Ryan,Carter,USER,DATA,PLACED,Horizon Health,2025-06-12T15:36:44.341Z
1781,ryan.santos.1781@informationtechconsultants.co.uk,Ryan,Santos,USER,DATA,PLACED,BluePeak Telecom,2024-12-07T05:44:26.000Z
1782,ryan.cole.1782@informationtechconsultants.co.uk,Ryan,Cole,USER,DATA,PLACED,Meridian Finance,2025-02-19T12:48:51.302Z
1783,ryan.lewis.1783@informationtechconsultants.co.uk,Ryan,Lewis,USER,DATA,PLACED,Vertex Logistics,2023-09-01T18:11:28.785Z
1784,ryan.mills.1784@informationtechconsultants.co.uk,Ryan,Mills,USER,DATA,PLACED,Cedar Insurance,2024-09-02T01:17:17.017Z
1785,ryan.sen.1785@informationtechconsultants.co.uk,Ryan,Sen,USER,DATA,PLACED,Aurora Media,2023-06-12T05:22:37.033Z
1786,ryan.bell.1786@informationtechconsultants.co.uk,Ryan,Bell,USER,DATA,PLACED,Ember Mobility,2025-10-05T14:54:27.036Z
1787,ryan.davis.1787@informationtechconsultants.co.uk,Ryan,Davis,USER,DATA,PLACED,Summit Travel,2025-06-02T07:23:00.823Z
1788,ryan.evans.1788@informationtechconsultants.co.uk,Ryan,Evans,USER,DATA,PLACED,Oakline Public Sector,2026-05-16T13:52:57.432Z
1789,ryan.williams.1789@informationtechconsultants.co.uk,Ryan,Williams,USER,DATA,PLACED,Northstar Bank,2025-09-10T10:45:57.569Z
1790,ryan.scott.1790@informationtechconsultants.co.uk,Ryan,Scott,USER,DATA,PLACED,Atlas Retail,2026-06-12T09:57:03.551Z
1791,ryan.ibrahim.1791@informationtechconsultants.co.uk,Ryan,Ibrahim,USER,DATA,PLACED,Redwood Energy,2024-11-24T02:19:34.366Z
1792,ryan.mitchell.1792@informationtechconsultants.co.uk,Ryan,Mitchell,USER,DATA,PLACED,Horizon Health,2025-11-28T10:04:55.645Z
1793,ryan.murphy.1793@informationtechconsultants.co.uk,Ryan,Murphy,USER,DATA,PLACED,BluePeak Telecom,2024-11-19T04:32:32.510Z
1794,ryan.iqbal.1794@informationtechconsultants.co.uk,Ryan,Iqbal,USER,DATA,PLACED,Meridian Finance,2024-11-03T02:14:04.322Z
1795,ryan.roberts.1795@informationtechconsultants.co.uk,Ryan,Roberts,USER,DATA,PLACED,Vertex Logistics,2026-01-29T02:44:20.925Z
1796,ryan.wright.1796@informationtechconsultants.co.uk,Ryan,Wright,USER,DATA,PLACED,Cedar Insurance,2025-08-26T02:43:44.497Z
1797,ryan.cho.1797@informationtechconsultants.co.uk,Ryan,Cho,USER,DATA,PLACED,Aurora Media,2024-10-28T18:40:30.188Z
1798,ryan.parker.1798@informationtechconsultants.co.uk,Ryan,Parker,USER,DATA,PLACED,Ember Mobility,2026-02-12T09:49:53.765Z
1799,ryan.taylor.1799@informationtechconsultants.co.uk,Ryan,Taylor,USER,DATA,PLACED,Summit Travel,2025-07-26T06:18:30.020Z
1800,ryan.nelson.1800@informationtechconsultants.co.uk,Ryan,Nelson,USER,DATA,PLACED,Oakline Public Sector,2024-05-03T18:17:30.774Z
1801,layla.rahman.1801@informationtechconsultants.co.uk,Layla,Rahman,USER,PYTHON,PLACED,Northstar Bank,2023-03-30T04:25:50.316Z
1802,layla.morgan.1802@informationtechconsultants.co.uk,Layla,Morgan,USER,PYTHON,PLACED,Atlas Retail,2025-06-16T11:09:37.283Z
1803,layla.shah.1803@informationtechconsultants.co.uk,Layla,Shah,USER,PYTHON,PLACED,Redwood Energy,2025-05-25T20:19:06.107Z
1804,layla.green.1804@informationtechconsultants.co.uk,Layla,Green,USER,PYTHON,PLACED,Horizon Health,2025-02-18T15:16:37.153Z
1805,layla.patel.1805@informationtechconsultants.co.uk,Layla,Patel,USER,PYTHON,PLACED,BluePeak Telecom,2024-03-25T15:19:33.352Z
1806,layla.reed.1806@informationtechconsultants.co.uk,Layla,Reed,USER,PYTHON,PLACED,Meridian Finance,2024-11-21T11:33:05.715Z
1807,layla.hassan.1807@informationtechconsultants.co.uk,Layla,Hassan,USER,PYTHON,PLACED,Vertex Logistics,2026-04-26T23:28:52.548Z
1808,layla.brooks.1808@informationtechconsultants.co.uk,Layla,Brooks,USER,PYTHON,PLACED,Cedar Insurance,2025-10-16T20:30:29.754Z
1809,layla.khan.1809@informationtechconsultants.co.uk,Layla,Khan,USER,PYTHON,PLACED,Aurora Media,2024-07-24T02:31:37.331Z
1810,layla.grant.1810@informationtechconsultants.co.uk,Layla,Grant,USER,PYTHON,PLACED,Ember Mobility,2024-11-21T01:26:27.653Z
1811,layla.clarke.1811@informationtechconsultants.co.uk,Layla,Clarke,USER,PYTHON,PLACED,Summit Travel,2025-06-21T22:39:09.735Z
1812,layla.turner.1812@informationtechconsultants.co.uk,Layla,Turner,USER,PYTHON,PLACED,Oakline Public Sector,2023-08-06T13:17:38.722Z
1813,layla.okafor.1813@informationtechconsultants.co.uk,Layla,Okafor,USER,PYTHON,PLACED,Northstar Bank,2024-03-02T23:21:18.980Z
1814,layla.walsh.1814@informationtechconsultants.co.uk,Layla,Walsh,USER,PYTHON,PLACED,Atlas Retail,2025-04-16T08:14:59.415Z
1815,layla.mahmood.1815@informationtechconsultants.co.uk,Layla,Mahmood,USER,PYTHON,PLACED,Redwood Energy,2023-04-05T01:05:35.399Z
1816,layla.bennett.1816@informationtechconsultants.co.uk,Layla,Bennett,USER,PYTHON,AVAILABLE,,2023-06-14T20:30:32.501Z
1817,layla.rossi.1817@informationtechconsultants.co.uk,Layla,Rossi,USER,PYTHON,AVAILABLE,,2023-02-03T11:18:21.699Z
1818,layla.price.1818@informationtechconsultants.co.uk,Layla,Price,USER,PYTHON,AVAILABLE,,2025-06-17T10:56:56.845Z
1819,layla.ali.1819@informationtechconsultants.co.uk,Layla,Ali,USER,PYTHON,AVAILABLE,,2023-09-27T11:03:55.833Z
1820,layla.harris.1820@informationtechconsultants.co.uk,Layla,Harris,USER,PYTHON,AVAILABLE,,2024-07-19T17:48:23.952Z
1821,layla.martin.1821@informationtechconsultants.co.uk,Layla,Martin,USER,PYTHON,AVAILABLE,,2025-12-09T10:58:42.951Z
1822,layla.ahmed.1822@informationtechconsultants.co.uk,Layla,Ahmed,USER,PYTHON,AVAILABLE,,2025-08-31T00:52:55.671Z
1823,layla.cooper.1823@informationtechconsultants.co.uk,Layla,Cooper,USER,PYTHON,AVAILABLE,,2025-02-26T16:12:57.414Z
1824,layla.foster.1824@informationtechconsultants.co.uk,Layla,Foster,USER,PYTHON,AVAILABLE,,2024-06-30T09:03:53.774Z
1825,layla.nair.1825@informationtechconsultants.co.uk,Layla,Nair,USER,PYTHON,AVAILABLE,,2024-07-09T02:02:03.713Z
1826,layla.bailey.1826@informationtechconsultants.co.uk,Layla,Bailey,USER,PYTHON,AVAILABLE,,2025-12-19T22:45:36.701Z
1827,layla.kim.1827@informationtechconsultants.co.uk,Layla,Kim,USER,PYTHON,AVAILABLE,,2023-10-05T18:46:54.392Z
1828,layla.ward.1828@informationtechconsultants.co.uk,Layla,Ward,USER,PYTHON,AVAILABLE,,2024-09-07T03:27:18.710Z
1829,layla.malik.1829@informationtechconsultants.co.uk,Layla,Malik,USER,PYTHON,AVAILABLE,,2023-09-13T23:22:47.926Z
1830,layla.carter.1830@informationtechconsultants.co.uk,Layla,Carter,USER,PYTHON,ENDING_SOON,Meridian Finance,2024-10-24T08:13:31.136Z
1831,layla.santos.1831@informationtechconsultants.co.uk,Layla,Santos,USER,PYTHON,ENDING_SOON,Vertex Logistics,2023-12-30T02:32:50.789Z
1832,layla.cole.1832@informationtechconsultants.co.uk,Layla,Cole,USER,PYTHON,ENDING_SOON,Cedar Insurance,2023-08-03T10:06:13.706Z
1833,layla.lewis.1833@informationtechconsultants.co.uk,Layla,Lewis,USER,PYTHON,ENDING_SOON,Aurora Media,2023-02-19T09:00:53.784Z
1834,layla.mills.1834@informationtechconsultants.co.uk,Layla,Mills,USER,PYTHON,ENDING_SOON,Ember Mobility,2024-07-04T22:43:42.415Z
1835,layla.sen.1835@informationtechconsultants.co.uk,Layla,Sen,USER,PYTHON,ENDING_SOON,Summit Travel,2026-03-08T14:50:30.579Z
1836,layla.bell.1836@informationtechconsultants.co.uk,Layla,Bell,USER,PYTHON,ENDING_SOON,Oakline Public Sector,2025-12-04T19:37:59.170Z
1837,layla.davis.1837@informationtechconsultants.co.uk,Layla,Davis,USER,PYTHON,ENDING_SOON,Northstar Bank,2023-10-01T03:42:05.354Z
1838,layla.evans.1838@informationtechconsultants.co.uk,Layla,Evans,USER,PYTHON,ENDING_SOON,Atlas Retail,2024-08-24T09:39:27.923Z
1839,layla.williams.1839@informationtechconsultants.co.uk,Layla,Williams,USER,PYTHON,ENDING_SOON,Redwood Energy,2026-01-12T22:31:43.763Z
1840,layla.scott.1840@informationtechconsultants.co.uk,Layla,Scott,USER,PYTHON,ENDING_SOON,Horizon Health,2023-03-21T23:53:04.252Z
1841,layla.ibrahim.1841@informationtechconsultants.co.uk,Layla,Ibrahim,USER,PYTHON,PLACED,BluePeak Telecom,2026-04-09T11:45:08.147Z
1842,layla.mitchell.1842@informationtechconsultants.co.uk,Layla,Mitchell,USER,PYTHON,PLACED,Meridian Finance,2025-08-05T16:53:17.010Z
1843,layla.murphy.1843@informationtechconsultants.co.uk,Layla,Murphy,USER,ANDROID,PLACED,Vertex Logistics,2023-06-24T12:37:40.872Z
1844,layla.iqbal.1844@informationtechconsultants.co.uk,Layla,Iqbal,USER,ANDROID,PLACED,Cedar Insurance,2025-04-18T20:00:10.134Z
1845,layla.roberts.1845@informationtechconsultants.co.uk,Layla,Roberts,USER,ANDROID,PLACED,Aurora Media,2024-07-10T22:10:34.337Z
1846,layla.wright.1846@informationtechconsultants.co.uk,Layla,Wright,USER,ANDROID,PLACED,Ember Mobility,2023-08-01T21:08:42.703Z
1847,layla.cho.1847@informationtechconsultants.co.uk,Layla,Cho,USER,ANDROID,PLACED,Summit Travel,2024-05-04T03:24:10.711Z
1848,layla.parker.1848@informationtechconsultants.co.uk,Layla,Parker,USER,ANDROID,PLACED,Oakline Public Sector,2026-03-08T14:02:53.583Z
1849,layla.taylor.1849@informationtechconsultants.co.uk,Layla,Taylor,USER,ANDROID,PLACED,Northstar Bank,2026-03-14T11:43:45.803Z
1850,layla.nelson.1850@informationtechconsultants.co.uk,Layla,Nelson,USER,ANDROID,PLACED,Atlas Retail,2024-05-31T19:31:09.757Z
1851,max.rahman.1851@informationtechconsultants.co.uk,Max,Rahman,USER,ANDROID,PLACED,Redwood Energy,2023-01-29T19:26:02.057Z
1852,max.morgan.1852@informationtechconsultants.co.uk,Max,Morgan,USER,ANDROID,PLACED,Horizon Health,2026-06-15T00:06:36.602Z
1853,max.shah.1853@informationtechconsultants.co.uk,Max,Shah,USER,ANDROID,PLACED,BluePeak Telecom,2023-09-01T14:30:57.385Z
1854,max.green.1854@informationtechconsultants.co.uk,Max,Green,USER,ANDROID,PLACED,Meridian Finance,2026-07-10T06:47:02.404Z
1855,max.patel.1855@informationtechconsultants.co.uk,Max,Patel,USER,ANDROID,PLACED,Vertex Logistics,2026-07-18T10:52:07.551Z
1856,max.reed.1856@informationtechconsultants.co.uk,Max,Reed,USER,ANDROID,PLACED,Cedar Insurance,2025-02-27T13:01:05.892Z
1857,max.hassan.1857@informationtechconsultants.co.uk,Max,Hassan,USER,ANDROID,PLACED,Aurora Media,2024-11-18T03:05:45.075Z
1858,max.brooks.1858@informationtechconsultants.co.uk,Max,Brooks,USER,ANDROID,PLACED,Ember Mobility,2024-12-12T18:25:00.722Z
1859,max.khan.1859@informationtechconsultants.co.uk,Max,Khan,USER,ANDROID,PLACED,Summit Travel,2024-02-05T22:05:49.682Z
1860,max.grant.1860@informationtechconsultants.co.uk,Max,Grant,USER,ANDROID,PLACED,Oakline Public Sector,2025-11-14T03:21:45.090Z
1861,max.clarke.1861@informationtechconsultants.co.uk,Max,Clarke,USER,ANDROID,PLACED,Northstar Bank,2023-08-15T20:18:27.829Z
1862,max.turner.1862@informationtechconsultants.co.uk,Max,Turner,USER,ANDROID,PLACED,Atlas Retail,2026-03-24T04:24:05.745Z
1863,max.okafor.1863@informationtechconsultants.co.uk,Max,Okafor,USER,ANDROID,PLACED,Redwood Energy,2025-09-10T18:18:18.639Z
1864,max.walsh.1864@informationtechconsultants.co.uk,Max,Walsh,USER,ANDROID,PLACED,Horizon Health,2025-01-04T10:10:36.003Z
1865,max.mahmood.1865@informationtechconsultants.co.uk,Max,Mahmood,USER,ANDROID,PLACED,BluePeak Telecom,2024-05-17T16:46:01.606Z
1866,max.bennett.1866@informationtechconsultants.co.uk,Max,Bennett,USER,ANDROID,PLACED,Meridian Finance,2026-03-01T23:01:52.741Z
1867,max.rossi.1867@informationtechconsultants.co.uk,Max,Rossi,USER,ANDROID,PLACED,Vertex Logistics,2024-01-09T11:01:11.569Z
1868,max.price.1868@informationtechconsultants.co.uk,Max,Price,USER,ANDROID,PLACED,Cedar Insurance,2023-03-14T11:35:58.155Z
1869,max.ali.1869@informationtechconsultants.co.uk,Max,Ali,USER,ANDROID,PLACED,Aurora Media,2024-07-22T10:01:15.584Z
1870,max.harris.1870@informationtechconsultants.co.uk,Max,Harris,USER,ANDROID,PLACED,Ember Mobility,2024-06-26T05:56:33.912Z
1871,max.martin.1871@informationtechconsultants.co.uk,Max,Martin,USER,ANDROID,PLACED,Summit Travel,2024-06-26T10:34:18.532Z
1872,max.ahmed.1872@informationtechconsultants.co.uk,Max,Ahmed,USER,ANDROID,PLACED,Oakline Public Sector,2024-01-26T13:51:24.266Z
1873,max.cooper.1873@informationtechconsultants.co.uk,Max,Cooper,USER,ANDROID,PLACED,Northstar Bank,2025-11-26T12:07:06.223Z
1874,max.foster.1874@informationtechconsultants.co.uk,Max,Foster,USER,ANDROID,PLACED,Atlas Retail,2024-10-04T23:45:55.561Z
1875,max.nair.1875@informationtechconsultants.co.uk,Max,Nair,USER,ANDROID,PLACED,Redwood Energy,2026-01-27T08:32:02.574Z
1876,max.bailey.1876@informationtechconsultants.co.uk,Max,Bailey,USER,DATA,PLACED,Horizon Health,2023-03-05T17:24:44.461Z
1877,max.kim.1877@informationtechconsultants.co.uk,Max,Kim,USER,DATA,PLACED,BluePeak Telecom,2023-08-19T00:45:24.251Z
1878,max.ward.1878@informationtechconsultants.co.uk,Max,Ward,USER,DATA,PLACED,Meridian Finance,2025-03-03T11:08:32.631Z
1879,max.malik.1879@informationtechconsultants.co.uk,Max,Malik,USER,DATA,PLACED,Vertex Logistics,2026-05-09T11:50:58.816Z
1880,max.carter.1880@informationtechconsultants.co.uk,Max,Carter,USER,DATA,PLACED,Cedar Insurance,2025-08-31T19:38:34.119Z
1881,max.santos.1881@informationtechconsultants.co.uk,Max,Santos,USER,DATA,PLACED,Aurora Media,2024-12-10T23:56:57.754Z
1882,max.cole.1882@informationtechconsultants.co.uk,Max,Cole,USER,DATA,PLACED,Ember Mobility,2026-06-09T02:00:26.356Z
1883,max.lewis.1883@informationtechconsultants.co.uk,Max,Lewis,USER,DATA,PLACED,Summit Travel,2025-04-28T03:52:45.752Z
1884,max.mills.1884@informationtechconsultants.co.uk,Max,Mills,USER,DATA,PLACED,Oakline Public Sector,2023-02-25T13:50:32.069Z
1885,max.sen.1885@informationtechconsultants.co.uk,Max,Sen,USER,DATA,PLACED,Northstar Bank,2023-01-25T03:31:03.111Z
1886,max.bell.1886@informationtechconsultants.co.uk,Max,Bell,USER,DATA,PLACED,Atlas Retail,2026-02-26T18:55:19.408Z
1887,max.davis.1887@informationtechconsultants.co.uk,Max,Davis,USER,DATA,PLACED,Redwood Energy,2023-02-09T01:07:06.660Z
1888,max.evans.1888@informationtechconsultants.co.uk,Max,Evans,USER,DATA,PLACED,Horizon Health,2023-10-23T06:33:32.667Z
1889,max.williams.1889@informationtechconsultants.co.uk,Max,Williams,USER,DATA,PLACED,BluePeak Telecom,2026-07-02T06:17:53.000Z
1890,max.scott.1890@informationtechconsultants.co.uk,Max,Scott,USER,DATA,PLACED,Meridian Finance,2023-04-07T11:01:06.569Z
1891,max.ibrahim.1891@informationtechconsultants.co.uk,Max,Ibrahim,USER,DATA,PLACED,Vertex Logistics,2024-07-07T11:45:39.734Z
1892,max.mitchell.1892@informationtechconsultants.co.uk,Max,Mitchell,USER,DATA,PLACED,Cedar Insurance,2024-11-16T22:19:15.997Z
1893,max.murphy.1893@informationtechconsultants.co.uk,Max,Murphy,USER,DATA,PLACED,Aurora Media,2025-08-27T04:06:51.321Z
1894,max.iqbal.1894@informationtechconsultants.co.uk,Max,Iqbal,USER,DATA,PLACED,Ember Mobility,2023-05-10T03:18:46.248Z
1895,max.roberts.1895@informationtechconsultants.co.uk,Max,Roberts,USER,DATA,PLACED,Summit Travel,2023-02-25T09:11:40.278Z
1896,max.wright.1896@informationtechconsultants.co.uk,Max,Wright,USER,DATA,AVAILABLE,,2023-08-20T23:10:20.400Z
1897,max.cho.1897@informationtechconsultants.co.uk,Max,Cho,USER,DATA,AVAILABLE,,2024-09-05T06:02:15.136Z
1898,max.parker.1898@informationtechconsultants.co.uk,Max,Parker,USER,DATA,AVAILABLE,,2025-04-04T10:53:23.800Z
1899,max.taylor.1899@informationtechconsultants.co.uk,Max,Taylor,USER,DATA,AVAILABLE,,2026-06-11T15:13:15.355Z
1900,max.nelson.1900@informationtechconsultants.co.uk,Max,Nelson,USER,DATA,AVAILABLE,,2024-12-22T20:33:27.759Z
1901,nora.rahman.1901@informationtechconsultants.co.uk,Nora,Rahman,USER,PYTHON,AVAILABLE,,2026-04-02T07:51:05.773Z
1902,nora.morgan.1902@informationtechconsultants.co.uk,Nora,Morgan,USER,PYTHON,AVAILABLE,,2023-02-10T14:49:06.767Z
1903,nora.shah.1903@informationtechconsultants.co.uk,Nora,Shah,USER,PYTHON,AVAILABLE,,2024-11-17T02:02:48.347Z
1904,nora.green.1904@informationtechconsultants.co.uk,Nora,Green,USER,PYTHON,AVAILABLE,,2024-08-26T15:32:22.372Z
1905,nora.patel.1905@informationtechconsultants.co.uk,Nora,Patel,USER,PYTHON,AVAILABLE,,2024-03-04T00:19:09.909Z
1906,nora.reed.1906@informationtechconsultants.co.uk,Nora,Reed,USER,PYTHON,AVAILABLE,,2023-03-26T20:04:29.076Z
1907,nora.hassan.1907@informationtechconsultants.co.uk,Nora,Hassan,USER,PYTHON,AVAILABLE,,2024-04-10T15:04:32.889Z
1908,nora.brooks.1908@informationtechconsultants.co.uk,Nora,Brooks,USER,PYTHON,AVAILABLE,,2025-09-07T11:24:48.776Z
1909,nora.khan.1909@informationtechconsultants.co.uk,Nora,Khan,USER,PYTHON,AVAILABLE,,2024-09-22T16:25:37.797Z
1910,nora.grant.1910@informationtechconsultants.co.uk,Nora,Grant,USER,PYTHON,ENDING_SOON,Atlas Retail,2026-06-15T21:15:39.152Z
1911,nora.clarke.1911@informationtechconsultants.co.uk,Nora,Clarke,USER,PYTHON,ENDING_SOON,Redwood Energy,2026-03-26T01:35:39.966Z
1912,nora.turner.1912@informationtechconsultants.co.uk,Nora,Turner,USER,PYTHON,ENDING_SOON,Horizon Health,2025-12-12T05:13:15.825Z
1913,nora.okafor.1913@informationtechconsultants.co.uk,Nora,Okafor,USER,PYTHON,ENDING_SOON,BluePeak Telecom,2023-05-05T03:33:07.755Z
1914,nora.walsh.1914@informationtechconsultants.co.uk,Nora,Walsh,USER,PYTHON,ENDING_SOON,Meridian Finance,2025-02-21T11:54:32.367Z
1915,nora.mahmood.1915@informationtechconsultants.co.uk,Nora,Mahmood,USER,PYTHON,ENDING_SOON,Vertex Logistics,2024-05-18T13:08:07.584Z
1916,nora.bennett.1916@informationtechconsultants.co.uk,Nora,Bennett,USER,PYTHON,ENDING_SOON,Cedar Insurance,2026-06-05T01:34:17.248Z
1917,nora.rossi.1917@informationtechconsultants.co.uk,Nora,Rossi,USER,PYTHON,ENDING_SOON,Aurora Media,2025-08-02T17:56:24.358Z
1918,nora.price.1918@informationtechconsultants.co.uk,Nora,Price,USER,PYTHON,ENDING_SOON,Ember Mobility,2026-02-28T00:34:20.365Z
1919,nora.ali.1919@informationtechconsultants.co.uk,Nora,Ali,USER,PYTHON,ENDING_SOON,Summit Travel,2023-06-14T18:32:24.058Z
1920,nora.harris.1920@informationtechconsultants.co.uk,Nora,Harris,USER,PYTHON,ENDING_SOON,Oakline Public Sector,2024-07-10T13:27:28.617Z
1921,nora.martin.1921@informationtechconsultants.co.uk,Nora,Martin,USER,PYTHON,PLACED,Northstar Bank,2026-07-31T02:24:35.939Z
1922,nora.ahmed.1922@informationtechconsultants.co.uk,Nora,Ahmed,USER,PYTHON,PLACED,Atlas Retail,2023-05-03T03:23:36.566Z
1923,nora.cooper.1923@informationtechconsultants.co.uk,Nora,Cooper,USER,PYTHON,PLACED,Redwood Energy,2023-03-23T04:06:17.971Z
1924,nora.foster.1924@informationtechconsultants.co.uk,Nora,Foster,USER,PYTHON,PLACED,Horizon Health,2024-04-25T11:10:25.667Z
1925,nora.nair.1925@informationtechconsultants.co.uk,Nora,Nair,USER,PYTHON,PLACED,BluePeak Telecom,2025-01-22T07:38:10.985Z
1926,nora.bailey.1926@informationtechconsultants.co.uk,Nora,Bailey,USER,PYTHON,PLACED,Meridian Finance,2024-11-24T04:11:41.831Z
1927,nora.kim.1927@informationtechconsultants.co.uk,Nora,Kim,USER,PYTHON,PLACED,Vertex Logistics,2023-04-11T12:44:08.720Z
1928,nora.ward.1928@informationtechconsultants.co.uk,Nora,Ward,USER,PYTHON,PLACED,Cedar Insurance,2025-02-16T10:31:16.621Z
1929,nora.malik.1929@informationtechconsultants.co.uk,Nora,Malik,USER,PYTHON,PLACED,Aurora Media,2025-02-09T00:11:58.425Z
1930,nora.carter.1930@informationtechconsultants.co.uk,Nora,Carter,USER,PYTHON,PLACED,Ember Mobility,2024-12-25T21:14:33.411Z
1931,nora.santos.1931@informationtechconsultants.co.uk,Nora,Santos,USER,PYTHON,PLACED,Summit Travel,2025-03-08T16:55:24.272Z
1932,nora.cole.1932@informationtechconsultants.co.uk,Nora,Cole,USER,PYTHON,PLACED,Oakline Public Sector,2025-04-25T22:04:45.372Z
1933,nora.lewis.1933@informationtechconsultants.co.uk,Nora,Lewis,USER,PYTHON,PLACED,Northstar Bank,2024-03-10T05:15:42.852Z
1934,nora.mills.1934@informationtechconsultants.co.uk,Nora,Mills,USER,PYTHON,PLACED,Atlas Retail,2026-03-08T05:35:45.157Z
1935,nora.sen.1935@informationtechconsultants.co.uk,Nora,Sen,USER,PYTHON,PLACED,Redwood Energy,2025-01-17T08:56:28.428Z
1936,nora.bell.1936@informationtechconsultants.co.uk,Nora,Bell,USER,PYTHON,PLACED,Horizon Health,2024-10-23T06:39:25.162Z
1937,nora.davis.1937@informationtechconsultants.co.uk,Nora,Davis,USER,PYTHON,PLACED,BluePeak Telecom,2025-10-24T15:42:02.408Z
1938,nora.evans.1938@informationtechconsultants.co.uk,Nora,Evans,USER,PYTHON,PLACED,Meridian Finance,2025-06-29T07:36:53.784Z
1939,nora.williams.1939@informationtechconsultants.co.uk,Nora,Williams,USER,PYTHON,PLACED,Vertex Logistics,2025-10-15T12:40:55.228Z
1940,nora.scott.1940@informationtechconsultants.co.uk,Nora,Scott,USER,PYTHON,PLACED,Cedar Insurance,2025-08-11T13:48:37.294Z
1941,nora.ibrahim.1941@informationtechconsultants.co.uk,Nora,Ibrahim,USER,PYTHON,PLACED,Aurora Media,2026-01-24T22:30:25.114Z
1942,nora.mitchell.1942@informationtechconsultants.co.uk,Nora,Mitchell,USER,PYTHON,PLACED,Ember Mobility,2025-03-04T06:52:26.027Z
1943,nora.murphy.1943@informationtechconsultants.co.uk,Nora,Murphy,USER,ANDROID,PLACED,Summit Travel,2026-03-30T21:33:45.800Z
1944,nora.iqbal.1944@informationtechconsultants.co.uk,Nora,Iqbal,USER,ANDROID,PLACED,Oakline Public Sector,2023-06-28T07:48:37.830Z
1945,nora.roberts.1945@informationtechconsultants.co.uk,Nora,Roberts,USER,ANDROID,PLACED,Northstar Bank,2026-07-11T20:00:28.519Z
1946,nora.wright.1946@informationtechconsultants.co.uk,Nora,Wright,USER,ANDROID,PLACED,Atlas Retail,2024-01-14T15:56:08.150Z
1947,nora.cho.1947@informationtechconsultants.co.uk,Nora,Cho,USER,ANDROID,PLACED,Redwood Energy,2026-03-25T16:56:04.547Z
1948,nora.parker.1948@informationtechconsultants.co.uk,Nora,Parker,USER,ANDROID,PLACED,Horizon Health,2023-04-04T11:25:46.343Z
1949,nora.taylor.1949@informationtechconsultants.co.uk,Nora,Taylor,USER,ANDROID,PLACED,BluePeak Telecom,2026-03-28T04:57:29.551Z
1950,nora.nelson.1950@informationtechconsultants.co.uk,Nora,Nelson,USER,ANDROID,PLACED,Meridian Finance,2026-01-18T04:47:04.689Z
1951,owen.rahman.1951@informationtechconsultants.co.uk,Owen,Rahman,USER,ANDROID,PLACED,Vertex Logistics,2024-01-31T19:37:48.239Z
1952,owen.morgan.1952@informationtechconsultants.co.uk,Owen,Morgan,USER,ANDROID,PLACED,Cedar Insurance,2025-05-14T15:44:54.160Z
1953,owen.shah.1953@informationtechconsultants.co.uk,Owen,Shah,USER,ANDROID,PLACED,Aurora Media,2026-07-03T00:51:53.532Z
1954,owen.green.1954@informationtechconsultants.co.uk,Owen,Green,USER,ANDROID,PLACED,Ember Mobility,2025-09-30T02:59:21.015Z
1955,owen.patel.1955@informationtechconsultants.co.uk,Owen,Patel,USER,ANDROID,PLACED,Summit Travel,2025-03-21T17:25:47.161Z
1956,owen.reed.1956@informationtechconsultants.co.uk,Owen,Reed,USER,ANDROID,PLACED,Oakline Public Sector,2024-10-16T18:06:36.520Z
1957,owen.hassan.1957@informationtechconsultants.co.uk,Owen,Hassan,USER,ANDROID,PLACED,Northstar Bank,2026-05-28T07:27:35.104Z
1958,owen.brooks.1958@informationtechconsultants.co.uk,Owen,Brooks,USER,ANDROID,PLACED,Atlas Retail,2025-05-12T02:57:23.738Z
1959,owen.khan.1959@informationtechconsultants.co.uk,Owen,Khan,USER,ANDROID,PLACED,Redwood Energy,2025-05-27T18:14:13.096Z
1960,owen.grant.1960@informationtechconsultants.co.uk,Owen,Grant,USER,ANDROID,PLACED,Horizon Health,2023-10-02T23:28:09.327Z
1961,owen.clarke.1961@informationtechconsultants.co.uk,Owen,Clarke,USER,ANDROID,PLACED,BluePeak Telecom,2023-04-27T09:01:17.500Z
1962,owen.turner.1962@informationtechconsultants.co.uk,Owen,Turner,USER,ANDROID,PLACED,Meridian Finance,2025-12-17T17:34:00.308Z
1963,owen.okafor.1963@informationtechconsultants.co.uk,Owen,Okafor,USER,ANDROID,PLACED,Vertex Logistics,2024-03-16T04:24:55.828Z
1964,owen.walsh.1964@informationtechconsultants.co.uk,Owen,Walsh,USER,ANDROID,PLACED,Cedar Insurance,2024-04-06T03:19:12.554Z
1965,owen.mahmood.1965@informationtechconsultants.co.uk,Owen,Mahmood,USER,ANDROID,PLACED,Aurora Media,2024-02-25T12:45:07.281Z
1966,owen.bennett.1966@informationtechconsultants.co.uk,Owen,Bennett,USER,ANDROID,PLACED,Ember Mobility,2025-01-16T14:06:25.210Z
1967,owen.rossi.1967@informationtechconsultants.co.uk,Owen,Rossi,USER,ANDROID,PLACED,Summit Travel,2023-10-28T13:45:44.982Z
1968,owen.price.1968@informationtechconsultants.co.uk,Owen,Price,USER,ANDROID,PLACED,Oakline Public Sector,2023-04-29T14:51:21.547Z
1969,owen.ali.1969@informationtechconsultants.co.uk,Owen,Ali,USER,ANDROID,PLACED,Northstar Bank,2025-07-15T10:45:02.766Z
1970,owen.harris.1970@informationtechconsultants.co.uk,Owen,Harris,USER,ANDROID,PLACED,Atlas Retail,2024-08-11T09:29:48.770Z
1971,owen.martin.1971@informationtechconsultants.co.uk,Owen,Martin,USER,ANDROID,PLACED,Redwood Energy,2025-01-08T01:06:24.670Z
1972,owen.ahmed.1972@informationtechconsultants.co.uk,Owen,Ahmed,USER,ANDROID,PLACED,Horizon Health,2024-04-20T04:38:16.003Z
1973,owen.cooper.1973@informationtechconsultants.co.uk,Owen,Cooper,USER,ANDROID,PLACED,BluePeak Telecom,2025-11-20T22:36:51.706Z
1974,owen.foster.1974@informationtechconsultants.co.uk,Owen,Foster,USER,ANDROID,PLACED,Meridian Finance,2023-03-13T16:59:50.380Z
1975,owen.nair.1975@informationtechconsultants.co.uk,Owen,Nair,USER,ANDROID,PLACED,Vertex Logistics,2026-06-14T04:06:31.605Z
1976,owen.bailey.1976@informationtechconsultants.co.uk,Owen,Bailey,USER,DATA,AVAILABLE,,2023-04-06T04:54:58.911Z
1977,owen.kim.1977@informationtechconsultants.co.uk,Owen,Kim,USER,DATA,AVAILABLE,,2023-09-12T21:10:31.158Z
1978,owen.ward.1978@informationtechconsultants.co.uk,Owen,Ward,USER,DATA,AVAILABLE,,2024-11-01T06:07:40.337Z
1979,owen.malik.1979@informationtechconsultants.co.uk,Owen,Malik,USER,DATA,AVAILABLE,,2024-07-07T07:11:18.682Z
1980,owen.carter.1980@informationtechconsultants.co.uk,Owen,Carter,USER,DATA,AVAILABLE,,2023-04-30T21:47:47.135Z
1981,owen.santos.1981@informationtechconsultants.co.uk,Owen,Santos,USER,DATA,AVAILABLE,,2024-01-09T18:17:24.272Z
1982,owen.cole.1982@informationtechconsultants.co.uk,Owen,Cole,USER,DATA,AVAILABLE,,2024-10-19T04:32:02.399Z
1983,owen.lewis.1983@informationtechconsultants.co.uk,Owen,Lewis,USER,DATA,AVAILABLE,,2023-02-15T18:57:12.905Z
1984,owen.mills.1984@informationtechconsultants.co.uk,Owen,Mills,USER,DATA,AVAILABLE,,2025-12-15T21:55:54.350Z
1985,owen.sen.1985@informationtechconsultants.co.uk,Owen,Sen,USER,DATA,AVAILABLE,,2023-04-30T09:55:34.147Z
1986,owen.bell.1986@informationtechconsultants.co.uk,Owen,Bell,USER,DATA,AVAILABLE,,2023-05-27T08:52:49.108Z
1987,owen.davis.1987@informationtechconsultants.co.uk,Owen,Davis,USER,DATA,AVAILABLE,,2026-07-10T05:39:50.212Z
1988,owen.evans.1988@informationtechconsultants.co.uk,Owen,Evans,USER,DATA,AVAILABLE,,2023-12-10T22:24:14.294Z
1989,owen.williams.1989@informationtechconsultants.co.uk,Owen,Williams,USER,DATA,AVAILABLE,,2023-07-11T10:45:53.228Z
1990,owen.scott.1990@informationtechconsultants.co.uk,Owen,Scott,USER,DATA,ENDING_SOON,Ember Mobility,2023-04-08T15:13:17.850Z
1991,owen.ibrahim.1991@informationtechconsultants.co.uk,Owen,Ibrahim,USER,DATA,ENDING_SOON,Summit Travel,2025-05-15T09:06:21.341Z
1992,owen.mitchell.1992@informationtechconsultants.co.uk,Owen,Mitchell,USER,DATA,ENDING_SOON,Oakline Public Sector,2026-06-14T18:25:46.517Z
1993,owen.murphy.1993@informationtechconsultants.co.uk,Owen,Murphy,USER,DATA,ENDING_SOON,Northstar Bank,2025-05-01T22:01:29.663Z
1994,owen.iqbal.1994@informationtechconsultants.co.uk,Owen,Iqbal,USER,DATA,ENDING_SOON,Atlas Retail,2025-09-14T12:02:07.038Z
1995,owen.roberts.1995@informationtechconsultants.co.uk,Owen,Roberts,USER,DATA,ENDING_SOON,Redwood Energy,2024-09-24T10:20:19.437Z
1996,owen.wright.1996@informationtechconsultants.co.uk,Owen,Wright,USER,DATA,ENDING_SOON,Horizon Health,2023-06-07T09:47:44.060Z
1997,owen.cho.1997@informationtechconsultants.co.uk,Owen,Cho,USER,DATA,ENDING_SOON,BluePeak Telecom,2025-10-26T08:16:05.502Z
1998,owen.parker.1998@informationtechconsultants.co.uk,Owen,Parker,USER,DATA,ENDING_SOON,Meridian Finance,2026-06-06T02:40:17.266Z
1999,owen.taylor.1999@informationtechconsultants.co.uk,Owen,Taylor,USER,DATA,ENDING_SOON,Vertex Logistics,2025-07-20T06:06:50.452Z
2000,owen.nelson.2000@informationtechconsultants.co.uk,Owen,Nelson,USER,DATA,ENDING_SOON,Cedar Insurance,2023-05-07T19:29:32.110Z
